# key	loại	nguồn (rỗng = sinh file mẫu)
# SINH TỰ ĐỘNG bởi scripts/seed/generate_seed.py — đừng sửa tay.
avatars/9001/avatar.png	avatar	https://api.dicebear.com/9.x/avataaars/png?seed=duonghaigiang&size=256
avatars/9002/avatar.png	avatar	https://api.dicebear.com/9.x/avataaars/png?seed=hoangthanhlong&size=256
avatars/9003/avatar.png	avatar	https://api.dicebear.com/9.x/avataaars/png?seed=nguyenhoangbaotranthucdoanphuongvy&size=256
avatars/9004/avatar.png	avatar	https://api.dicebear.com/9.x/avataaars/png?seed=vunhattien&size=256
avatars/9005/avatar.png	avatar	https://api.dicebear.com/9.x/avataaars/png?seed=tranhaithinh&size=256
avatars/9006/avatar.png	avatar	https://api.dicebear.com/9.x/avataaars/png?seed=danghuuthinh&size=256
avatars/9007/avatar.png	avatar	https://api.dicebear.com/9.x/avataaars/png?seed=trantruchuyen&size=256
avatars/9008/avatar.png	avatar	https://api.dicebear.com/9.x/avataaars/png?seed=nguyenvanquan&size=256
avatars/9010/avatar.png	avatar	https://api.dicebear.com/9.x/avataaars/png?seed=maituantuan&size=256
avatars/9011/avatar.png	avatar	https://api.dicebear.com/9.x/avataaars/png?seed=hotuonglinh&size=256
avatars/9012/avatar.png	avatar	https://api.dicebear.com/9.x/avataaars/png?seed=phanlannhi&size=256
avatars/9013/avatar.png	avatar	https://api.dicebear.com/9.x/avataaars/png?seed=trantienlong&size=256
avatars/9014/avatar.png	avatar	https://i.pravatar.cc/256?img=55
avatars/9015/avatar.png	avatar	https://api.dicebear.com/9.x/avataaars/png?seed=huynhlannhung&size=256
avatars/9016/avatar.png	avatar	https://api.dicebear.com/9.x/avataaars/png?seed=nguyenminhhuy&size=256
avatars/9017/avatar.png	avatar	https://api.dicebear.com/9.x/avataaars/png?seed=phambaoan&size=256
avatars/9018/avatar.png	avatar	https://api.dicebear.com/9.x/avataaars/png?seed=dinhtuandat&size=256
avatars/9019/avatar.png	avatar	https://api.dicebear.com/9.x/avataaars/png?seed=duongvantam&size=256
avatars/9021/avatar.png	avatar	https://api.dicebear.com/9.x/avataaars/png?seed=dothihoa&size=256
avatars/9022/avatar.png	avatar	https://api.dicebear.com/9.x/avataaars/png?seed=duongtuongthu&size=256
avatars/9023/avatar.png	avatar	https://api.dicebear.com/9.x/avataaars/png?seed=phananhvu&size=256
avatars/9024/avatar.png	avatar	https://api.dicebear.com/9.x/avataaars/png?seed=lethidiep&size=256
avatars/9025/avatar.png	avatar	https://api.dicebear.com/9.x/avataaars/png?seed=vuanhtu&size=256
avatars/9026/avatar.png	avatar	https://api.dicebear.com/9.x/avataaars/png?seed=mainhunga&size=256
avatars/9027/avatar.png	avatar	https://api.dicebear.com/9.x/avataaars/png?seed=truongthianh&size=256
avatars/9028/avatar.png	avatar	https://api.dicebear.com/9.x/avataaars/png?seed=ngongocyen&size=256
avatars/9029/avatar.png	avatar	https://api.dicebear.com/9.x/avataaars/png?seed=truongthanhkhue&size=256
avatars/9030/avatar.png	avatar	https://api.dicebear.com/9.x/avataaars/png?seed=dinhgiaduy&size=256
avatars/9032/avatar.png	avatar	https://api.dicebear.com/9.x/avataaars/png?seed=lyvanhai&size=256
avatars/9033/avatar.png	avatar	https://api.dicebear.com/9.x/avataaars/png?seed=dangthuhan&size=256
avatars/9034/avatar.png	avatar	https://api.dicebear.com/9.x/avataaars/png?seed=duongminhgiang&size=256
avatars/9035/avatar.png	avatar	https://api.dicebear.com/9.x/avataaars/png?seed=dangcongtrung&size=256
avatars/9036/avatar.png	avatar	https://api.dicebear.com/9.x/avataaars/png?seed=tothudiep&size=256
avatars/9037/avatar.png	avatar	https://api.dicebear.com/9.x/avataaars/png?seed=ngoconghai&size=256
avatars/9038/avatar.png	avatar	https://api.dicebear.com/9.x/avataaars/png?seed=dangminhanh&size=256
avatars/9039/avatar.png	avatar	https://api.dicebear.com/9.x/avataaars/png?seed=vokhanhhieu&size=256
avatars/9040/avatar.png	avatar	https://api.dicebear.com/9.x/avataaars/png?seed=phanbaothinh&size=256
avatars/9041/avatar.png	avatar	https://api.dicebear.com/9.x/avataaars/png?seed=ngoquynhthao&size=256
avatars/9043/avatar.png	avatar	https://api.dicebear.com/9.x/avataaars/png?seed=toyenanh&size=256
avatars/9044/avatar.png	avatar	https://api.dicebear.com/9.x/avataaars/png?seed=maithudiep&size=256
avatars/9045/avatar.png	avatar	https://api.dicebear.com/9.x/avataaars/png?seed=vutrungtam&size=256
avatars/9046/avatar.png	avatar	https://api.dicebear.com/9.x/avataaars/png?seed=hoquangcuong&size=256
avatars/9047/avatar.png	avatar	https://api.dicebear.com/9.x/avataaars/png?seed=toanhtu&size=256
avatars/9048/avatar.png	avatar	https://api.dicebear.com/9.x/avataaars/png?seed=dotienphuc&size=256
avatars/9049/avatar.png	avatar	https://api.dicebear.com/9.x/avataaars/png?seed=toduchuy&size=256
avatars/9050/avatar.png	avatar	https://api.dicebear.com/9.x/avataaars/png?seed=phamyenphuong&size=256
avatars/9051/avatar.png	avatar	https://api.dicebear.com/9.x/avataaars/png?seed=ngodieuquyen&size=256
avatars/9052/avatar.png	avatar	https://api.dicebear.com/9.x/avataaars/png?seed=duongphuongquyen&size=256
avatars/9054/avatar.png	avatar	https://api.dicebear.com/9.x/avataaars/png?seed=duongvankhoa&size=256
avatars/9055/avatar.png	avatar	https://api.dicebear.com/9.x/avataaars/png?seed=dinhlanchi&size=256
avatars/9056/avatar.png	avatar	https://api.dicebear.com/9.x/avataaars/png?seed=hoangthuyoanh&size=256
avatars/9057/avatar.png	avatar	https://api.dicebear.com/9.x/avataaars/png?seed=hotuannghia&size=256
avatars/9058/avatar.png	avatar	https://api.dicebear.com/9.x/avataaars/png?seed=truonghalan&size=256
avatars/9059/avatar.png	avatar	https://api.dicebear.com/9.x/avataaars/png?seed=ngohaithinh&size=256
avatars/9060/avatar.png	avatar	https://api.dicebear.com/9.x/avataaars/png?seed=donhatlam&size=256
avatars/9061/avatar.png	avatar	https://api.dicebear.com/9.x/avataaars/png?seed=danghaivu&size=256
avatars/9062/avatar.png	avatar	https://api.dicebear.com/9.x/avataaars/png?seed=tothanhkhoa&size=256
avatars/9063/avatar.png	avatar	https://api.dicebear.com/9.x/avataaars/png?seed=dinhgiathang&size=256
avatars/9065/avatar.png	avatar	https://api.dicebear.com/9.x/avataaars/png?seed=hoangtuannam&size=256
avatars/9066/avatar.png	avatar	https://api.dicebear.com/9.x/avataaars/png?seed=nguyenvanlam&size=256
avatars/9067/avatar.png	avatar	https://api.dicebear.com/9.x/avataaars/png?seed=truongxuandung&size=256
avatars/9068/avatar.png	avatar	https://api.dicebear.com/9.x/avataaars/png?seed=hoanglannhi&size=256
avatars/9069/avatar.png	avatar	https://api.dicebear.com/9.x/avataaars/png?seed=maithituyet&size=256
avatars/9070/avatar.png	avatar	https://api.dicebear.com/9.x/avataaars/png?seed=phamnhatkien&size=256
avatars/9071/avatar.png	avatar	https://api.dicebear.com/9.x/avataaars/png?seed=vuanhhoa&size=256
avatars/9072/avatar.png	avatar	https://api.dicebear.com/9.x/avataaars/png?seed=hoduccuong&size=256
avatars/9073/avatar.png	avatar	https://api.dicebear.com/9.x/avataaars/png?seed=dangtuantrung&size=256
avatars/9074/avatar.png	avatar	https://api.dicebear.com/9.x/avataaars/png?seed=dangkhanhhuy&size=256
avatars/9076/avatar.png	avatar	https://api.dicebear.com/9.x/avataaars/png?seed=hovanson&size=256
avatars/9077/avatar.png	avatar	https://api.dicebear.com/9.x/avataaars/png?seed=duongtuongquyen&size=256
avatars/9078/avatar.png	avatar	https://api.dicebear.com/9.x/avataaars/png?seed=phamduytam&size=256
avatars/9079/avatar.png	avatar	https://api.dicebear.com/9.x/avataaars/png?seed=lethuyyen&size=256
avatars/9080/avatar.png	avatar	https://api.dicebear.com/9.x/avataaars/png?seed=vutuanhieu&size=256
avatars/9081/avatar.png	avatar	https://api.dicebear.com/9.x/avataaars/png?seed=danglantrang&size=256
avatars/9082/avatar.png	avatar	https://api.dicebear.com/9.x/avataaars/png?seed=votrungdat&size=256
avatars/9083/avatar.png	avatar	https://api.dicebear.com/9.x/avataaars/png?seed=dinhkhanhdat&size=256
avatars/9084/avatar.png	avatar	https://api.dicebear.com/9.x/avataaars/png?seed=dangnhatduy&size=256
avatars/9085/avatar.png	avatar	https://i.pravatar.cc/256?img=56
avatars/9087/avatar.png	avatar	https://api.dicebear.com/9.x/avataaars/png?seed=phanductien&size=256
avatars/9088/avatar.png	avatar	https://api.dicebear.com/9.x/avataaars/png?seed=nguyentuanvu&size=256
avatars/9089/avatar.png	avatar	https://api.dicebear.com/9.x/avataaars/png?seed=ngohaikien&size=256
avatars/9090/avatar.png	avatar	https://api.dicebear.com/9.x/avataaars/png?seed=trandieuthu&size=256
avatars/9091/avatar.png	avatar	https://api.dicebear.com/9.x/avataaars/png?seed=trannhatdung&size=256
avatars/9092/avatar.png	avatar	https://api.dicebear.com/9.x/avataaars/png?seed=hothanhvinh&size=256
avatars/9093/avatar.png	avatar	https://api.dicebear.com/9.x/avataaars/png?seed=tranthanhngan&size=256
avatars/9094/avatar.png	avatar	https://api.dicebear.com/9.x/avataaars/png?seed=huynhhahoa&size=256
avatars/9095/avatar.png	avatar	https://api.dicebear.com/9.x/avataaars/png?seed=phamtuankien&size=256
avatars/9096/avatar.png	avatar	https://api.dicebear.com/9.x/avataaars/png?seed=truonganhgiang&size=256
avatars/9098/avatar.png	avatar	https://api.dicebear.com/9.x/avataaars/png?seed=huynhtuanlam&size=256
avatars/9099/avatar.png	avatar	https://api.dicebear.com/9.x/avataaars/png?seed=nguyenhaihai&size=256
avatars/9100/avatar.png	avatar	https://api.dicebear.com/9.x/avataaars/png?seed=lynhumai&size=256
avatars/9101/avatar.png	avatar	https://api.dicebear.com/9.x/avataaars/png?seed=vobaophong&size=256
avatars/9102/avatar.png	avatar	https://api.dicebear.com/9.x/avataaars/png?seed=duongngocnhung&size=256
avatars/9103/avatar.png	avatar	https://api.dicebear.com/9.x/avataaars/png?seed=dohuudung&size=256
avatars/9104/avatar.png	avatar	https://api.dicebear.com/9.x/avataaars/png?seed=hovanduy&size=256
avatars/9105/avatar.png	avatar	https://api.dicebear.com/9.x/avataaars/png?seed=buihoaianh&size=256
avatars/9106/avatar.png	avatar	https://api.dicebear.com/9.x/avataaars/png?seed=huynhthunga&size=256
avatars/9107/avatar.png	avatar	https://i.pravatar.cc/256?img=8
avatars/9109/avatar.png	avatar	https://api.dicebear.com/9.x/avataaars/png?seed=lehoaimy&size=256
avatars/9110/avatar.png	avatar	https://api.dicebear.com/9.x/avataaars/png?seed=vohadiep&size=256
avatars/9111/avatar.png	avatar	https://api.dicebear.com/9.x/avataaars/png?seed=lyminhtu&size=256
avatars/9112/avatar.png	avatar	https://api.dicebear.com/9.x/avataaars/png?seed=maithanhhai&size=256
avatars/9113/avatar.png	avatar	https://api.dicebear.com/9.x/avataaars/png?seed=nguyenvanquan01&size=256
avatars/9114/avatar.png	avatar	https://api.dicebear.com/9.x/avataaars/png?seed=lenhathoa&size=256
avatars/9115/avatar.png	avatar	https://api.dicebear.com/9.x/avataaars/png?seed=duongtuongvy&size=256
avatars/9116/avatar.png	avatar	https://api.dicebear.com/9.x/avataaars/png?seed=hobaotuyet&size=256
avatars/9117/avatar.png	avatar	https://api.dicebear.com/9.x/avataaars/png?seed=maiquangkien&size=256
avatars/9118/avatar.png	avatar	https://api.dicebear.com/9.x/avataaars/png?seed=tranxuancuong&size=256
avatars/9120/avatar.png	avatar	https://api.dicebear.com/9.x/avataaars/png?seed=nguyenhoaikhue&size=256
avatars/9121/avatar.png	avatar	https://api.dicebear.com/9.x/avataaars/png?seed=totientrung&size=256
avatars/9122/avatar.png	avatar	https://api.dicebear.com/9.x/avataaars/png?seed=huynhminhtam&size=256
avatars/9123/avatar.png	avatar	https://api.dicebear.com/9.x/avataaars/png?seed=tothanhphuc&size=256
avatars/9124/avatar.png	avatar	https://api.dicebear.com/9.x/avataaars/png?seed=lephuongdung&size=256
avatars/9125/avatar.png	avatar	https://api.dicebear.com/9.x/avataaars/png?seed=honhutram&size=256
avatars/9126/avatar.png	avatar	https://api.dicebear.com/9.x/avataaars/png?seed=phamtrucmy&size=256
avatars/9127/avatar.png	avatar	https://api.dicebear.com/9.x/avataaars/png?seed=dohoailan&size=256
avatars/9128/avatar.png	avatar	https://api.dicebear.com/9.x/avataaars/png?seed=phanthanhcuong&size=256
avatars/9129/avatar.png	avatar	https://api.dicebear.com/9.x/avataaars/png?seed=nguyenvankien&size=256
avatars/9131/avatar.png	avatar	https://i.pravatar.cc/256?img=32
avatars/9132/avatar.png	avatar	https://api.dicebear.com/9.x/avataaars/png?seed=lethanhthinh&size=256
avatars/9133/avatar.png	avatar	https://api.dicebear.com/9.x/avataaars/png?seed=truongthithao&size=256
avatars/9134/avatar.png	avatar	https://api.dicebear.com/9.x/avataaars/png?seed=buihuutien&size=256
avatars/9135/avatar.png	avatar	https://api.dicebear.com/9.x/avataaars/png?seed=hoduyduy&size=256
avatars/9136/avatar.png	avatar	https://api.dicebear.com/9.x/avataaars/png?seed=ngoducan&size=256
avatars/9137/avatar.png	avatar	https://api.dicebear.com/9.x/avataaars/png?seed=phamquoctrung&size=256
avatars/9138/avatar.png	avatar	https://api.dicebear.com/9.x/avataaars/png?seed=buiminhmy&size=256
avatars/9139/avatar.png	avatar	https://api.dicebear.com/9.x/avataaars/png?seed=dinhanhphong&size=256
avatars/9140/avatar.png	avatar	https://api.dicebear.com/9.x/avataaars/png?seed=hotruchanh&size=256
avatars/9142/avatar.png	avatar	https://api.dicebear.com/9.x/avataaars/png?seed=legianam&size=256
avatars/9143/avatar.png	avatar	https://api.dicebear.com/9.x/avataaars/png?seed=truongngoclinh&size=256
avatars/9144/avatar.png	avatar	https://i.pravatar.cc/256?img=45
avatars/9145/avatar.png	avatar	https://api.dicebear.com/9.x/avataaars/png?seed=truongtuantam&size=256
avatars/9146/avatar.png	avatar	https://api.dicebear.com/9.x/avataaars/png?seed=huynhthanhduy&size=256
avatars/9147/avatar.png	avatar	https://api.dicebear.com/9.x/avataaars/png?seed=dinhlanvy&size=256
avatars/9148/avatar.png	avatar	https://api.dicebear.com/9.x/avataaars/png?seed=phanquynhanh&size=256
avatars/9149/avatar.png	avatar	https://api.dicebear.com/9.x/avataaars/png?seed=phamhaicuong&size=256
avatars/9150/avatar.png	avatar	https://api.dicebear.com/9.x/avataaars/png?seed=phamdieumai&size=256
avatars/9151/avatar.png	avatar	https://api.dicebear.com/9.x/avataaars/png?seed=hoanghaigiang&size=256
avatars/9153/avatar.png	avatar	https://api.dicebear.com/9.x/avataaars/png?seed=ngominhgiang&size=256
avatars/9154/avatar.png	avatar	https://api.dicebear.com/9.x/avataaars/png?seed=leduykhoa&size=256
avatars/9155/avatar.png	avatar	https://api.dicebear.com/9.x/avataaars/png?seed=vunhugiang&size=256
avatars/9156/avatar.png	avatar	https://api.dicebear.com/9.x/avataaars/png?seed=buiquangphong&size=256
avatars/9157/avatar.png	avatar	https://api.dicebear.com/9.x/avataaars/png?seed=voduytu&size=256
avatars/9158/avatar.png	avatar	https://api.dicebear.com/9.x/avataaars/png?seed=dinhductam&size=256
avatars/9159/avatar.png	avatar	https://api.dicebear.com/9.x/avataaars/png?seed=hoquocvu&size=256
avatars/9160/avatar.png	avatar	https://api.dicebear.com/9.x/avataaars/png?seed=lyvantu&size=256
avatars/9161/avatar.png	avatar	https://api.dicebear.com/9.x/avataaars/png?seed=hothuyhanh&size=256
avatars/9162/avatar.png	avatar	https://api.dicebear.com/9.x/avataaars/png?seed=hoquangtrung&size=256
avatars/9164/avatar.png	avatar	https://api.dicebear.com/9.x/avataaars/png?seed=nguyenhaivu&size=256
avatars/9165/avatar.png	avatar	https://api.dicebear.com/9.x/avataaars/png?seed=hoxuanphuc&size=256
avatars/9166/avatar.png	avatar	https://api.dicebear.com/9.x/avataaars/png?seed=nguyenvanphuc&size=256
avatars/9167/avatar.png	avatar	https://api.dicebear.com/9.x/avataaars/png?seed=maiminhhoa&size=256
avatars/9168/avatar.png	avatar	https://api.dicebear.com/9.x/avataaars/png?seed=holandiep&size=256
avatars/9169/avatar.png	avatar	https://api.dicebear.com/9.x/avataaars/png?seed=hoangyendung&size=256
avatars/9170/avatar.png	avatar	https://api.dicebear.com/9.x/avataaars/png?seed=lymyha&size=256
avatars/9171/avatar.png	avatar	https://api.dicebear.com/9.x/avataaars/png?seed=dinhducgiang&size=256
avatars/9172/avatar.png	avatar	https://api.dicebear.com/9.x/avataaars/png?seed=nguyenkhanhbinh&size=256
avatars/9173/avatar.png	avatar	https://api.dicebear.com/9.x/avataaars/png?seed=duongnhatthang&size=256
avatars/9175/avatar.png	avatar	https://api.dicebear.com/9.x/avataaars/png?seed=duongdieuphuong&size=256
avatars/9176/avatar.png	avatar	https://api.dicebear.com/9.x/avataaars/png?seed=huynhxuanhai&size=256
avatars/9177/avatar.png	avatar	https://api.dicebear.com/9.x/avataaars/png?seed=maihuudung&size=256
avatars/9178/avatar.png	avatar	https://api.dicebear.com/9.x/avataaars/png?seed=nguyenyennhung&size=256
avatars/9179/avatar.png	avatar	https://api.dicebear.com/9.x/avataaars/png?seed=hoangduchoa&size=256
avatars/9180/avatar.png	avatar	https://api.dicebear.com/9.x/avataaars/png?seed=dinhxuantien&size=256
avatars/9181/avatar.png	avatar	https://api.dicebear.com/9.x/avataaars/png?seed=dangtiencuong&size=256
avatars/9182/avatar.png	avatar	https://api.dicebear.com/9.x/avataaars/png?seed=tranxuanbinh&size=256
avatars/9183/avatar.png	avatar	https://api.dicebear.com/9.x/avataaars/png?seed=lyquoctam&size=256
avatars/9184/avatar.png	avatar	https://api.dicebear.com/9.x/avataaars/png?seed=domymy&size=256
avatars/9186/avatar.png	avatar	https://api.dicebear.com/9.x/avataaars/png?seed=dangtrungtuan&size=256
avatars/9187/avatar.png	avatar	https://api.dicebear.com/9.x/avataaars/png?seed=phamvanhieu&size=256
avatars/9188/avatar.png	avatar	https://api.dicebear.com/9.x/avataaars/png?seed=lythanhtrang&size=256
avatars/9189/avatar.png	avatar	https://api.dicebear.com/9.x/avataaars/png?seed=duonganhhoa&size=256
avatars/9190/avatar.png	avatar	https://api.dicebear.com/9.x/avataaars/png?seed=duonggiathinh&size=256
avatars/9191/avatar.png	avatar	https://api.dicebear.com/9.x/avataaars/png?seed=lyhatuyet&size=256
avatars/9192/avatar.png	avatar	https://api.dicebear.com/9.x/avataaars/png?seed=dokimtram&size=256
avatars/9193/avatar.png	avatar	https://api.dicebear.com/9.x/avataaars/png?seed=dodieuhuyen&size=256
avatars/9194/avatar.png	avatar	https://api.dicebear.com/9.x/avataaars/png?seed=vuduchai&size=256
avatars/9195/avatar.png	avatar	https://api.dicebear.com/9.x/avataaars/png?seed=hobaolong&size=256
avatars/9197/avatar.png	avatar	https://api.dicebear.com/9.x/avataaars/png?seed=ngokhanhvy&size=256
avatars/9198/avatar.png	avatar	https://api.dicebear.com/9.x/avataaars/png?seed=ngodieunga&size=256
avatars/9199/avatar.png	avatar	https://api.dicebear.com/9.x/avataaars/png?seed=nguyenduchai&size=256
avatars/9200/avatar.png	avatar	https://api.dicebear.com/9.x/avataaars/png?seed=dokhanhhuyen&size=256
avatars/9201/avatar.png	avatar	https://api.dicebear.com/9.x/avataaars/png?seed=tohaanh&size=256
avatars/9202/avatar.png	avatar	https://api.dicebear.com/9.x/avataaars/png?seed=duongnhattuan&size=256
avatars/9203/avatar.png	avatar	https://api.dicebear.com/9.x/avataaars/png?seed=phanminhha&size=256
avatars/9204/avatar.png	avatar	https://api.dicebear.com/9.x/avataaars/png?seed=phamnhukhue&size=256
avatars/9205/avatar.png	avatar	https://api.dicebear.com/9.x/avataaars/png?seed=lethanhtuyet&size=256
avatars/9206/avatar.png	avatar	https://api.dicebear.com/9.x/avataaars/png?seed=phannhuvy&size=256
avatars/9208/avatar.png	avatar	https://api.dicebear.com/9.x/avataaars/png?seed=letrucanh&size=256
avatars/9209/avatar.png	avatar	https://api.dicebear.com/9.x/avataaars/png?seed=tokhanhdiep&size=256
avatars/9210/avatar.png	avatar	https://i.pravatar.cc/256?img=41
avatars/9211/avatar.png	avatar	https://i.pravatar.cc/256?img=42
avatars/9212/avatar.png	avatar	https://api.dicebear.com/9.x/avataaars/png?seed=dominhkhue&size=256
avatars/9213/avatar.png	avatar	https://api.dicebear.com/9.x/avataaars/png?seed=nguyenquockhoa&size=256
avatars/9214/avatar.png	avatar	https://api.dicebear.com/9.x/avataaars/png?seed=dohahuyen&size=256
avatars/9215/avatar.png	avatar	https://api.dicebear.com/9.x/avataaars/png?seed=tranhailong&size=256
avatars/9216/avatar.png	avatar	https://i.pravatar.cc/256?img=47
avatars/9217/avatar.png	avatar	https://api.dicebear.com/9.x/avataaars/png?seed=nguyenhuugiang&size=256
avatars/9219/avatar.png	avatar	https://api.dicebear.com/9.x/avataaars/png?seed=nguyentuongha&size=256
avatars/9220/avatar.png	avatar	https://api.dicebear.com/9.x/avataaars/png?seed=buixuancuong&size=256
avatars/9221/avatar.png	avatar	https://api.dicebear.com/9.x/avataaars/png?seed=nguyentructrang&size=256
avatars/9222/avatar.png	avatar	https://api.dicebear.com/9.x/avataaars/png?seed=phamvanthinh&size=256
avatars/9223/avatar.png	avatar	https://api.dicebear.com/9.x/avataaars/png?seed=doduytien&size=256
avatars/9224/avatar.png	avatar	https://api.dicebear.com/9.x/avataaars/png?seed=ngotrungkhoa&size=256
avatars/9225/avatar.png	avatar	https://api.dicebear.com/9.x/avataaars/png?seed=vukhanhanh&size=256
avatars/9226/avatar.png	avatar	https://api.dicebear.com/9.x/avataaars/png?seed=nguyenvantuan&size=256
avatars/9227/avatar.png	avatar	https://api.dicebear.com/9.x/avataaars/png?seed=hoyenhoa&size=256
avatars/9228/avatar.png	avatar	https://api.dicebear.com/9.x/avataaars/png?seed=vuhaison&size=256
avatars/9230/avatar.png	avatar	https://api.dicebear.com/9.x/avataaars/png?seed=phanngocanh&size=256
avatars/9231/avatar.png	avatar	https://api.dicebear.com/9.x/avataaars/png?seed=leanhson&size=256
avatars/9232/avatar.png	avatar	https://api.dicebear.com/9.x/avataaars/png?seed=maithuyphuong&size=256
avatars/9233/avatar.png	avatar	https://api.dicebear.com/9.x/avataaars/png?seed=nguyendieuanh&size=256
avatars/9234/avatar.png	avatar	https://api.dicebear.com/9.x/avataaars/png?seed=huynhduythang&size=256
avatars/9235/avatar.png	avatar	https://api.dicebear.com/9.x/avataaars/png?seed=legiatuan&size=256
avatars/9236/avatar.png	avatar	https://api.dicebear.com/9.x/avataaars/png?seed=truongthudung&size=256
avatars/9237/avatar.png	avatar	https://api.dicebear.com/9.x/avataaars/png?seed=huynhnhattu&size=256
avatars/9238/avatar.png	avatar	https://api.dicebear.com/9.x/avataaars/png?seed=vukimnhi&size=256
avatars/9239/avatar.png	avatar	https://api.dicebear.com/9.x/avataaars/png?seed=vuhaicuong&size=256
avatars/9241/avatar.png	avatar	https://api.dicebear.com/9.x/avataaars/png?seed=truongkhanhnhung&size=256
avatars/9242/avatar.png	avatar	https://api.dicebear.com/9.x/avataaars/png?seed=nguyenquocan&size=256
avatars/9243/avatar.png	avatar	https://api.dicebear.com/9.x/avataaars/png?seed=phamtientrung&size=256
avatars/9244/avatar.png	avatar	https://api.dicebear.com/9.x/avataaars/png?seed=dominhhanh&size=256
avatars/9245/avatar.png	avatar	https://api.dicebear.com/9.x/avataaars/png?seed=phamkhanhtien&size=256
avatars/9246/avatar.png	avatar	https://api.dicebear.com/9.x/avataaars/png?seed=holandiep01&size=256
avatars/9247/avatar.png	avatar	https://api.dicebear.com/9.x/avataaars/png?seed=buihatuyet&size=256
avatars/9248/avatar.png	avatar	https://api.dicebear.com/9.x/avataaars/png?seed=phamminhduy&size=256
avatars/9249/avatar.png	avatar	https://api.dicebear.com/9.x/avataaars/png?seed=tranminhcuong&size=256
avatars/9250/avatar.png	avatar	https://api.dicebear.com/9.x/avataaars/png?seed=dangkimtram&size=256
avatars/9252/avatar.png	avatar	https://api.dicebear.com/9.x/avataaars/png?seed=truonghaanh&size=256
avatars/9253/avatar.png	avatar	https://api.dicebear.com/9.x/avataaars/png?seed=phamvanson&size=256
avatars/9254/avatar.png	avatar	https://api.dicebear.com/9.x/avataaars/png?seed=dinhbaophuc&size=256
avatars/9255/avatar.png	avatar	https://api.dicebear.com/9.x/avataaars/png?seed=huynhtuanquan&size=256
avatars/9256/avatar.png	avatar	https://api.dicebear.com/9.x/avataaars/png?seed=huynhminhanh&size=256
avatars/9257/avatar.png	avatar	https://i.pravatar.cc/256?img=18
avatars/9258/avatar.png	avatar	https://i.pravatar.cc/256?img=19
avatars/9259/avatar.png	avatar	https://api.dicebear.com/9.x/avataaars/png?seed=vocongtu&size=256
avatars/9260/avatar.png	avatar	https://i.pravatar.cc/256?img=21
avatars/9261/avatar.png	avatar	https://api.dicebear.com/9.x/avataaars/png?seed=ngohadung&size=256
avatars/9263/avatar.png	avatar	https://api.dicebear.com/9.x/avataaars/png?seed=doxuannghia&size=256
avatars/9264/avatar.png	avatar	https://api.dicebear.com/9.x/avataaars/png?seed=maihaihieu&size=256
avatars/9265/avatar.png	avatar	https://api.dicebear.com/9.x/avataaars/png?seed=phamthanhduy&size=256
avatars/9266/avatar.png	avatar	https://api.dicebear.com/9.x/avataaars/png?seed=hokhanhthinh&size=256
avatars/9267/avatar.png	avatar	https://api.dicebear.com/9.x/avataaars/png?seed=phanvanhai&size=256
avatars/9268/avatar.png	avatar	https://api.dicebear.com/9.x/avataaars/png?seed=maicongphuc&size=256
avatars/9269/avatar.png	avatar	https://api.dicebear.com/9.x/avataaars/png?seed=vuminhvu&size=256
avatars/9270/avatar.png	avatar	https://api.dicebear.com/9.x/avataaars/png?seed=vominhhuyen&size=256
avatars/9271/avatar.png	avatar	https://api.dicebear.com/9.x/avataaars/png?seed=hokhanhtien&size=256
avatars/9272/avatar.png	avatar	https://api.dicebear.com/9.x/avataaars/png?seed=nguyenquochoa&size=256
avatars/9274/avatar.png	avatar	https://api.dicebear.com/9.x/avataaars/png?seed=vumytrang&size=256
avatars/9275/avatar.png	avatar	https://api.dicebear.com/9.x/avataaars/png?seed=huynhtiennam&size=256
avatars/9276/avatar.png	avatar	https://api.dicebear.com/9.x/avataaars/png?seed=tranminhquyen&size=256
avatars/9277/avatar.png	avatar	https://api.dicebear.com/9.x/avataaars/png?seed=phamtientrung01&size=256
avatars/9278/avatar.png	avatar	https://api.dicebear.com/9.x/avataaars/png?seed=duongthanhphong&size=256
avatars/9279/avatar.png	avatar	https://api.dicebear.com/9.x/avataaars/png?seed=phanhoaioanh&size=256
avatars/9280/avatar.png	avatar	https://api.dicebear.com/9.x/avataaars/png?seed=huynhquynhngan&size=256
avatars/9281/avatar.png	avatar	https://api.dicebear.com/9.x/avataaars/png?seed=phanvandung&size=256
avatars/9282/avatar.png	avatar	https://api.dicebear.com/9.x/avataaars/png?seed=huynhhoailan&size=256
avatars/9283/avatar.png	avatar	https://api.dicebear.com/9.x/avataaars/png?seed=danghuutu&size=256
avatars/9285/avatar.png	avatar	https://api.dicebear.com/9.x/avataaars/png?seed=huynhkhanhnghia&size=256
avatars/9286/avatar.png	avatar	https://i.pravatar.cc/256?img=47
avatars/9287/avatar.png	avatar	https://api.dicebear.com/9.x/avataaars/png?seed=maikimyen&size=256
avatars/9288/avatar.png	avatar	https://api.dicebear.com/9.x/avataaars/png?seed=duongduckien&size=256
avatars/9289/avatar.png	avatar	https://api.dicebear.com/9.x/avataaars/png?seed=hoanhson&size=256
avatars/9290/avatar.png	avatar	https://api.dicebear.com/9.x/avataaars/png?seed=tranhayen&size=256
avatars/9291/avatar.png	avatar	https://api.dicebear.com/9.x/avataaars/png?seed=doanhquan&size=256
avatars/9292/avatar.png	avatar	https://api.dicebear.com/9.x/avataaars/png?seed=dinhquangthinh&size=256
avatars/9293/avatar.png	avatar	https://api.dicebear.com/9.x/avataaars/png?seed=tothanhhuyen&size=256
avatars/9294/avatar.png	avatar	https://api.dicebear.com/9.x/avataaars/png?seed=truongthanhhuyen&size=256
avatars/9296/avatar.png	avatar	https://api.dicebear.com/9.x/avataaars/png?seed=phanquanggiang&size=256
avatars/9297/avatar.png	avatar	https://api.dicebear.com/9.x/avataaars/png?seed=phanhuuquan&size=256
avatars/9298/avatar.png	avatar	https://i.pravatar.cc/256?img=59
avatars/9299/avatar.png	avatar	https://api.dicebear.com/9.x/avataaars/png?seed=buigiadat&size=256
avatars/9300/avatar.png	avatar	https://api.dicebear.com/9.x/avataaars/png?seed=danganhdat&size=256
avatars/9301/avatar.png	avatar	https://api.dicebear.com/9.x/avataaars/png?seed=dinhthanhdung&size=256
avatars/9302/avatar.png	avatar	https://api.dicebear.com/9.x/avataaars/png?seed=dinhbaonghia&size=256
avatars/9303/avatar.png	avatar	https://api.dicebear.com/9.x/avataaars/png?seed=tranhuugiang&size=256
avatars/9304/avatar.png	avatar	https://api.dicebear.com/9.x/avataaars/png?seed=maithanhan&size=256
avatars/9305/avatar.png	avatar	https://api.dicebear.com/9.x/avataaars/png?seed=ngodieumy&size=256
avatars/9307/avatar.png	avatar	https://api.dicebear.com/9.x/avataaars/png?seed=lyhaiquan&size=256
avatars/9308/avatar.png	avatar	https://i.pravatar.cc/256?img=69
avatars/9309/avatar.png	avatar	https://api.dicebear.com/9.x/avataaars/png?seed=duongcongtam&size=256
avatars/9310/avatar.png	avatar	https://api.dicebear.com/9.x/avataaars/png?seed=letienhoa&size=256
avatars/9311/avatar.png	avatar	https://api.dicebear.com/9.x/avataaars/png?seed=dinhkhanhnam&size=256
avatars/9312/avatar.png	avatar	https://api.dicebear.com/9.x/avataaars/png?seed=huynhkhanhtuan&size=256
avatars/9313/avatar.png	avatar	https://api.dicebear.com/9.x/avataaars/png?seed=ngotuongtrang&size=256
avatars/9314/avatar.png	avatar	https://api.dicebear.com/9.x/avataaars/png?seed=dangdieumy&size=256
avatars/9315/avatar.png	avatar	https://api.dicebear.com/9.x/avataaars/png?seed=vothanhphong&size=256
avatars/9316/avatar.png	avatar	https://api.dicebear.com/9.x/avataaars/png?seed=truongthanhson&size=256
avatars/9318/avatar.png	avatar	https://api.dicebear.com/9.x/avataaars/png?seed=phantuankien&size=256
avatars/9319/avatar.png	avatar	https://api.dicebear.com/9.x/avataaars/png?seed=phamhuuhuy&size=256
avatars/9320/avatar.png	avatar	https://api.dicebear.com/9.x/avataaars/png?seed=votuongtuyet&size=256
avatars/9321/avatar.png	avatar	https://i.pravatar.cc/256?img=12
avatars/9322/avatar.png	avatar	https://api.dicebear.com/9.x/avataaars/png?seed=phamthanhtien&size=256
avatars/9323/avatar.png	avatar	https://api.dicebear.com/9.x/avataaars/png?seed=danghuuphuc&size=256
avatars/9324/avatar.png	avatar	https://api.dicebear.com/9.x/avataaars/png?seed=truongquangnghia&size=256
avatars/9325/avatar.png	avatar	https://api.dicebear.com/9.x/avataaars/png?seed=huynhthuyngan&size=256
avatars/9326/avatar.png	avatar	https://api.dicebear.com/9.x/avataaars/png?seed=hothuyha&size=256
avatars/9327/avatar.png	avatar	https://api.dicebear.com/9.x/avataaars/png?seed=docongtrung&size=256
avatars/9329/avatar.png	avatar	https://api.dicebear.com/9.x/avataaars/png?seed=buiquocvu&size=256
avatars/9330/avatar.png	avatar	https://api.dicebear.com/9.x/avataaars/png?seed=huynhquanggiang&size=256
avatars/9331/avatar.png	avatar	https://api.dicebear.com/9.x/avataaars/png?seed=letuonggiang&size=256
avatars/9332/avatar.png	avatar	https://api.dicebear.com/9.x/avataaars/png?seed=dotuongtrang&size=256
avatars/9333/avatar.png	avatar	https://api.dicebear.com/9.x/avataaars/png?seed=truongthuyphuong&size=256
avatars/9334/avatar.png	avatar	https://i.pravatar.cc/256?img=25
avatars/9335/avatar.png	avatar	https://api.dicebear.com/9.x/avataaars/png?seed=tranquangbinh&size=256
avatars/9336/avatar.png	avatar	https://api.dicebear.com/9.x/avataaars/png?seed=maikhanhhuy&size=256
avatars/9337/avatar.png	avatar	https://api.dicebear.com/9.x/avataaars/png?seed=maiphuonggiang&size=256
avatars/9338/avatar.png	avatar	https://api.dicebear.com/9.x/avataaars/png?seed=vominhthang&size=256
avatars/9340/avatar.png	avatar	https://api.dicebear.com/9.x/avataaars/png?seed=mainhatcuong&size=256
avatars/9341/avatar.png	avatar	https://i.pravatar.cc/256?img=32
avatars/9342/avatar.png	avatar	https://api.dicebear.com/9.x/avataaars/png?seed=vocongkien&size=256
avatars/9343/avatar.png	avatar	https://api.dicebear.com/9.x/avataaars/png?seed=phamlanphuong&size=256
avatars/9344/avatar.png	avatar	https://api.dicebear.com/9.x/avataaars/png?seed=lethuydiep&size=256
avatars/9345/avatar.png	avatar	https://api.dicebear.com/9.x/avataaars/png?seed=builanha&size=256
avatars/9346/avatar.png	avatar	https://i.pravatar.cc/256?img=37
avatars/9347/avatar.png	avatar	https://api.dicebear.com/9.x/avataaars/png?seed=hobaongan&size=256
avatars/9348/avatar.png	avatar	https://api.dicebear.com/9.x/avataaars/png?seed=ngonhatdat&size=256
avatars/9349/avatar.png	avatar	https://api.dicebear.com/9.x/avataaars/png?seed=builanvy&size=256
avatars/9351/avatar.png	avatar	https://i.pravatar.cc/256?img=42
avatars/9352/avatar.png	avatar	https://api.dicebear.com/9.x/avataaars/png?seed=ngothuoanh&size=256
avatars/9353/avatar.png	avatar	https://api.dicebear.com/9.x/avataaars/png?seed=vukhanhnam&size=256
avatars/9354/avatar.png	avatar	https://api.dicebear.com/9.x/avataaars/png?seed=votienson&size=256
avatars/9355/avatar.png	avatar	https://api.dicebear.com/9.x/avataaars/png?seed=phanquynhmy&size=256
avatars/9356/avatar.png	avatar	https://api.dicebear.com/9.x/avataaars/png?seed=truongdieuphuong&size=256
avatars/9357/avatar.png	avatar	https://i.pravatar.cc/256?img=48
avatars/9358/avatar.png	avatar	https://api.dicebear.com/9.x/avataaars/png?seed=dinhthanhthang&size=256
avatars/9359/avatar.png	avatar	https://api.dicebear.com/9.x/avataaars/png?seed=truongbaohieu&size=256
avatars/9360/avatar.png	avatar	https://api.dicebear.com/9.x/avataaars/png?seed=huynhductrung&size=256
avatars/9362/avatar.png	avatar	https://api.dicebear.com/9.x/avataaars/png?seed=maihaigiang&size=256
avatars/9363/avatar.png	avatar	https://api.dicebear.com/9.x/avataaars/png?seed=dangmygiang&size=256
avatars/9364/avatar.png	avatar	https://api.dicebear.com/9.x/avataaars/png?seed=phanbaovy&size=256
avatars/9365/avatar.png	avatar	https://api.dicebear.com/9.x/avataaars/png?seed=phanthanhhuy&size=256
avatars/9366/avatar.png	avatar	https://api.dicebear.com/9.x/avataaars/png?seed=huynhxuanquan&size=256
avatars/9367/avatar.png	avatar	https://i.pravatar.cc/256?img=58
avatars/9368/avatar.png	avatar	https://api.dicebear.com/9.x/avataaars/png?seed=lyquynhnga&size=256
avatars/9369/avatar.png	avatar	https://api.dicebear.com/9.x/avataaars/png?seed=truongtuanduy&size=256
avatars/9370/avatar.png	avatar	https://api.dicebear.com/9.x/avataaars/png?seed=huynhbaogiang&size=256
avatars/9371/avatar.png	avatar	https://api.dicebear.com/9.x/avataaars/png?seed=hoquynhthao&size=256
avatars/9373/avatar.png	avatar	https://api.dicebear.com/9.x/avataaars/png?seed=hobaophuc&size=256
avatars/9374/avatar.png	avatar	https://i.pravatar.cc/256?img=65
avatars/9375/avatar.png	avatar	https://i.pravatar.cc/256?img=66
avatars/9376/avatar.png	avatar	https://api.dicebear.com/9.x/avataaars/png?seed=truongvanvu&size=256
avatars/9377/avatar.png	avatar	https://i.pravatar.cc/256?img=68
avatars/9378/avatar.png	avatar	https://api.dicebear.com/9.x/avataaars/png?seed=voduclong&size=256
avatars/9379/avatar.png	avatar	https://api.dicebear.com/9.x/avataaars/png?seed=dinhkhanhhieu&size=256
avatars/9380/avatar.png	avatar	https://api.dicebear.com/9.x/avataaars/png?seed=vuduyhieu&size=256
avatars/9381/avatar.png	avatar	https://api.dicebear.com/9.x/avataaars/png?seed=duongthungan&size=256
avatars/9382/avatar.png	avatar	https://api.dicebear.com/9.x/avataaars/png?seed=buituantien&size=256
avatars/9384/avatar.png	avatar	https://api.dicebear.com/9.x/avataaars/png?seed=duongduyan&size=256
avatars/9385/avatar.png	avatar	https://api.dicebear.com/9.x/avataaars/png?seed=nguyengianghia&size=256
avatars/9386/avatar.png	avatar	https://api.dicebear.com/9.x/avataaars/png?seed=tolanoanh&size=256
avatars/9387/avatar.png	avatar	https://api.dicebear.com/9.x/avataaars/png?seed=lyducnam&size=256
avatars/9388/avatar.png	avatar	https://i.pravatar.cc/256?img=9
avatars/9389/avatar.png	avatar	https://api.dicebear.com/9.x/avataaars/png?seed=ngohuukien&size=256
avatars/9390/avatar.png	avatar	https://api.dicebear.com/9.x/avataaars/png?seed=phantrunggiang&size=256
avatars/9391/avatar.png	avatar	https://api.dicebear.com/9.x/avataaars/png?seed=voquanghieu&size=256
avatars/9392/avatar.png	avatar	https://api.dicebear.com/9.x/avataaars/png?seed=huynhthanhduy01&size=256
avatars/9393/avatar.png	avatar	https://i.pravatar.cc/256?img=14
avatars/9395/avatar.png	avatar	https://i.pravatar.cc/256?img=16
avatars/9396/avatar.png	avatar	https://api.dicebear.com/9.x/avataaars/png?seed=dinhkhanhanh&size=256
avatars/9397/avatar.png	avatar	https://api.dicebear.com/9.x/avataaars/png?seed=phambaongan&size=256
avatars/9398/avatar.png	avatar	https://i.pravatar.cc/256?img=19
avatars/9399/avatar.png	avatar	https://api.dicebear.com/9.x/avataaars/png?seed=buihuuan&size=256
avatars/9400/avatar.png	avatar	https://api.dicebear.com/9.x/avataaars/png?seed=phantrungphuc01&size=256
avatars/9401/avatar.png	avatar	https://api.dicebear.com/9.x/avataaars/png?seed=hothanhhuyen&size=256
avatars/9402/avatar.png	avatar	https://api.dicebear.com/9.x/avataaars/png?seed=dinhanhphong01&size=256
avatars/9403/avatar.png	avatar	https://api.dicebear.com/9.x/avataaars/png?seed=ngothanhthinh&size=256
avatars/9404/avatar.png	avatar	https://api.dicebear.com/9.x/avataaars/png?seed=danggiahoa&size=256
avatars/9406/avatar.png	avatar	https://api.dicebear.com/9.x/avataaars/png?seed=vuhoaiyen&size=256
avatars/9407/avatar.png	avatar	https://api.dicebear.com/9.x/avataaars/png?seed=tranducnam&size=256
avatars/9408/avatar.png	avatar	https://api.dicebear.com/9.x/avataaars/png?seed=dothuhan&size=256
avatars/9409/avatar.png	avatar	https://api.dicebear.com/9.x/avataaars/png?seed=nguyennhunhung&size=256
avatars/9410/avatar.png	avatar	https://api.dicebear.com/9.x/avataaars/png?seed=donhuquyen&size=256
avatars/9411/avatar.png	avatar	https://api.dicebear.com/9.x/avataaars/png?seed=duongdieukhue&size=256
avatars/9412/avatar.png	avatar	https://api.dicebear.com/9.x/avataaars/png?seed=hothichi&size=256
avatars/9413/avatar.png	avatar	https://api.dicebear.com/9.x/avataaars/png?seed=dominhmy&size=256
avatars/9414/avatar.png	avatar	https://api.dicebear.com/9.x/avataaars/png?seed=hoduylong&size=256
avatars/9415/avatar.png	avatar	https://i.pravatar.cc/256?img=36
avatars/9417/avatar.png	avatar	https://api.dicebear.com/9.x/avataaars/png?seed=tominhvu&size=256
avatars/9418/avatar.png	avatar	https://api.dicebear.com/9.x/avataaars/png?seed=maicongnghia&size=256
avatars/9419/avatar.png	avatar	https://api.dicebear.com/9.x/avataaars/png?seed=vungochanh&size=256
avatars/9420/avatar.png	avatar	https://api.dicebear.com/9.x/avataaars/png?seed=huynhduyhoa&size=256
avatars/9421/avatar.png	avatar	https://api.dicebear.com/9.x/avataaars/png?seed=ngoyennga&size=256
avatars/9422/avatar.png	avatar	https://api.dicebear.com/9.x/avataaars/png?seed=truongquynhtuyet&size=256
avatars/9423/avatar.png	avatar	https://api.dicebear.com/9.x/avataaars/png?seed=tranbaolam&size=256
avatars/9424/avatar.png	avatar	https://api.dicebear.com/9.x/avataaars/png?seed=dangphuongnhung&size=256
avatars/9425/avatar.png	avatar	https://api.dicebear.com/9.x/avataaars/png?seed=vudieuanh&size=256
avatars/9426/avatar.png	avatar	https://api.dicebear.com/9.x/avataaars/png?seed=lyngocnhi&size=256
avatars/9428/avatar.png	avatar	https://api.dicebear.com/9.x/avataaars/png?seed=vuyengiang&size=256
avatars/9429/avatar.png	avatar	https://api.dicebear.com/9.x/avataaars/png?seed=toquocson&size=256
avatars/9430/avatar.png	avatar	https://api.dicebear.com/9.x/avataaars/png?seed=hophuongtram&size=256
avatars/9431/avatar.png	avatar	https://api.dicebear.com/9.x/avataaars/png?seed=ngohoaivy&size=256
avatars/9432/avatar.png	avatar	https://api.dicebear.com/9.x/avataaars/png?seed=tranngocoanh&size=256
avatars/9433/avatar.png	avatar	https://api.dicebear.com/9.x/avataaars/png?seed=truongthianh01&size=256
avatars/9434/avatar.png	avatar	https://api.dicebear.com/9.x/avataaars/png?seed=huynhthanhtam&size=256
avatars/9435/avatar.png	avatar	https://api.dicebear.com/9.x/avataaars/png?seed=dinhthanhvu&size=256
avatars/9436/avatar.png	avatar	https://api.dicebear.com/9.x/avataaars/png?seed=duongminhvu&size=256
avatars/9437/avatar.png	avatar	https://api.dicebear.com/9.x/avataaars/png?seed=vobaotuan&size=256
avatars/9439/avatar.png	avatar	https://api.dicebear.com/9.x/avataaars/png?seed=dangthanhdiep&size=256
avatars/9440/avatar.png	avatar	https://i.pravatar.cc/256?img=61
avatars/9441/avatar.png	avatar	https://api.dicebear.com/9.x/avataaars/png?seed=duongtuongdiep&size=256
avatars/9442/avatar.png	avatar	https://api.dicebear.com/9.x/avataaars/png?seed=hoangyenanh&size=256
avatars/9443/avatar.png	avatar	https://api.dicebear.com/9.x/avataaars/png?seed=nguyendieutram&size=256
avatars/9444/avatar.png	avatar	https://i.pravatar.cc/256?img=65
avatars/9445/avatar.png	avatar	https://i.pravatar.cc/256?img=66
avatars/9446/avatar.png	avatar	https://api.dicebear.com/9.x/avataaars/png?seed=buithanhgiang&size=256
avatars/9447/avatar.png	avatar	https://api.dicebear.com/9.x/avataaars/png?seed=hoangyendiep&size=256
avatars/9448/avatar.png	avatar	https://i.pravatar.cc/256?img=69
avatars/9450/avatar.png	avatar	https://api.dicebear.com/9.x/avataaars/png?seed=danggiatuan&size=256
avatars/9451/avatar.png	avatar	https://api.dicebear.com/9.x/avataaars/png?seed=buigiathang&size=256
avatars/9452/avatar.png	avatar	https://api.dicebear.com/9.x/avataaars/png?seed=maiquynhquyen&size=256
avatars/9453/avatar.png	avatar	https://api.dicebear.com/9.x/avataaars/png?seed=truongthanhcuong&size=256
avatars/9454/avatar.png	avatar	https://api.dicebear.com/9.x/avataaars/png?seed=tranduytuan&size=256
avatars/9455/avatar.png	avatar	https://api.dicebear.com/9.x/avataaars/png?seed=dangthanhtien&size=256
avatars/9456/avatar.png	avatar	https://api.dicebear.com/9.x/avataaars/png?seed=huynhkhanhbinh&size=256
avatars/9457/avatar.png	avatar	https://api.dicebear.com/9.x/avataaars/png?seed=truongkhanhtu&size=256
avatars/9458/avatar.png	avatar	https://api.dicebear.com/9.x/avataaars/png?seed=buigiahieu&size=256
avatars/9459/avatar.png	avatar	https://api.dicebear.com/9.x/avataaars/png?seed=huynhhaihoa&size=256
avatars/9461/avatar.png	avatar	https://api.dicebear.com/9.x/avataaars/png?seed=vonhumai&size=256
avatars/9462/avatar.png	avatar	https://api.dicebear.com/9.x/avataaars/png?seed=lekimthu&size=256
avatars/9463/avatar.png	avatar	https://api.dicebear.com/9.x/avataaars/png?seed=tonhatkien&size=256
avatars/9464/avatar.png	avatar	https://api.dicebear.com/9.x/avataaars/png?seed=buivanan&size=256
avatars/9465/avatar.png	avatar	https://api.dicebear.com/9.x/avataaars/png?seed=hoangquochai&size=256
avatars/9466/avatar.png	avatar	https://api.dicebear.com/9.x/avataaars/png?seed=hoangnhattrung&size=256
avatars/9467/avatar.png	avatar	https://api.dicebear.com/9.x/avataaars/png?seed=trantienan&size=256
avatars/9468/avatar.png	avatar	https://api.dicebear.com/9.x/avataaars/png?seed=phamvanhoa&size=256
avatars/9469/avatar.png	avatar	https://api.dicebear.com/9.x/avataaars/png?seed=ngophuonghoa&size=256
avatars/9470/avatar.png	avatar	https://api.dicebear.com/9.x/avataaars/png?seed=dangthumai&size=256
avatars/9472/avatar.png	avatar	https://api.dicebear.com/9.x/avataaars/png?seed=buivanhai&size=256
avatars/9473/avatar.png	avatar	https://api.dicebear.com/9.x/avataaars/png?seed=nguyenbaotam&size=256
avatars/9474/avatar.png	avatar	https://i.pravatar.cc/256?img=25
avatars/9475/avatar.png	avatar	https://api.dicebear.com/9.x/avataaars/png?seed=nguyenvanlong&size=256
avatars/9476/avatar.png	avatar	https://api.dicebear.com/9.x/avataaars/png?seed=toquangthinh&size=256
avatars/9477/avatar.png	avatar	https://api.dicebear.com/9.x/avataaars/png?seed=tranquangtu&size=256
avatars/9478/avatar.png	avatar	https://i.pravatar.cc/256?img=29
avatars/9479/avatar.png	avatar	https://api.dicebear.com/9.x/avataaars/png?seed=ngotienhai&size=256
avatars/9480/avatar.png	avatar	https://api.dicebear.com/9.x/avataaars/png?seed=honhugiang&size=256
avatars/9481/avatar.png	avatar	https://api.dicebear.com/9.x/avataaars/png?seed=ngominhoanh&size=256
avatars/9483/avatar.png	avatar	https://api.dicebear.com/9.x/avataaars/png?seed=hotuongchi&size=256
avatars/9484/avatar.png	avatar	https://api.dicebear.com/9.x/avataaars/png?seed=ngohaison&size=256
avatars/9485/avatar.png	avatar	https://api.dicebear.com/9.x/avataaars/png?seed=phanngocngan&size=256
avatars/9486/avatar.png	avatar	https://api.dicebear.com/9.x/avataaars/png?seed=tranthiyen&size=256
avatars/9487/avatar.png	avatar	https://api.dicebear.com/9.x/avataaars/png?seed=togialong&size=256
avatars/9488/avatar.png	avatar	https://api.dicebear.com/9.x/avataaars/png?seed=hominhanh&size=256
avatars/9489/avatar.png	avatar	https://api.dicebear.com/9.x/avataaars/png?seed=phantienphong&size=256
avatars/9490/avatar.png	avatar	https://i.pravatar.cc/256?img=41
avatars/9491/avatar.png	avatar	https://i.pravatar.cc/256?img=42
avatars/9492/avatar.png	avatar	https://api.dicebear.com/9.x/avataaars/png?seed=truongbaophuong01&size=256
avatars/9494/avatar.png	avatar	https://api.dicebear.com/9.x/avataaars/png?seed=duonglantuyet&size=256
avatars/9495/avatar.png	avatar	https://api.dicebear.com/9.x/avataaars/png?seed=dinhkhanhlam&size=256
avatars/9496/avatar.png	avatar	https://api.dicebear.com/9.x/avataaars/png?seed=dinhvantrung&size=256
avatars/9497/avatar.png	avatar	https://api.dicebear.com/9.x/avataaars/png?seed=lethitrang&size=256
avatars/9498/avatar.png	avatar	https://api.dicebear.com/9.x/avataaars/png?seed=hoangtruchanh&size=256
avatars/9499/avatar.png	avatar	https://api.dicebear.com/9.x/avataaars/png?seed=lygiahoa&size=256
avatars/9500/avatar.png	avatar	https://api.dicebear.com/9.x/avataaars/png?seed=hokimdiep&size=256
books/9001/9780132350884.epub	book-file	
books/9007/9780596100797.epub	book-file	
books/9008/9780134190440.pdf	book-file	
books/9014/9780596515829.pdf	book-file	
books/9015/9780134494166.pdf	book-file	
books/9021/9780789723529.pdf	book-file	
books/9022/9780134685991.epub	book-file	
books/9028/9780130470119.epub	book-file	
books/9029/9780134757599.pdf	book-file	
books/9035/9780130084668.pdf	book-file	
books/9036/9780135957059.pdf	book-file	
books/9042/9780073376202.pdf	book-file	
books/9043/9780201633610.epub	book-file	
books/9049/9780672319853.epub	book-file	
books/9050/9780201835953.pdf	book-file	
books/9056/9781861005151.pdf	book-file	
books/9057/9780262033848.pdf	book-file	
books/9064/9780262035613.epub	book-file	
books/9071/9780307887894.pdf	book-file	
books/9078/9780321125217.pdf	book-file	
books/9085/9780321278654.epub	book-file	
books/9092/9780321884992.pdf	book-file	
books/9099/9780321965516.pdf	book-file	
books/9106/9780596007126.epub	book-file	
books/9113/9780596517748.pdf	book-file	
books/9120/9780596528126.pdf	book-file	
books/9127/9780596805524.epub	book-file	
books/9134/9780735619678.pdf	book-file	
books/9141/9781098107963.pdf	book-file	
books/9148/9781449331818.epub	book-file	
books/9155/9781449373320.pdf	book-file	
books/9162/9781491901632.pdf	book-file	
books/9169/9781491946008.epub	book-file	
books/9176/9781491950357.pdf	book-file	
books/9183/9781491963418.pdf	book-file	
books/9190/9781491983645.epub	book-file	
books/9197/9781492032649.pdf	book-file	
books/9204/9781492043089.pdf	book-file	
books/9211/9781492077213.epub	book-file	
books/9218/9781492082798.pdf	book-file	
books/9225/9781593279509.pdf	book-file	
books/9232/9781593279929.epub	book-file	
books/9239/9781617291029.pdf	book-file	
books/9246/9781617292231.pdf	book-file	
books/9253/9781617293726.epub	book-file	
books/9260/9781617294945.pdf	book-file	
books/9267/9781718503106.pdf	book-file	
books/9274/9780131495050.epub	book-file	
books/9281/9798847211437.pdf	book-file	
books/9288/9780136060864.pdf	book-file	
books/9295/9781098142162.epub	book-file	
books/9302/9781492058335.pdf	book-file	
books/9309/9786586110616.pdf	book-file	
books/9316/9781492083658.epub	book-file	
books/9323/9781617297618.pdf	book-file	
books/9330/9781800560444.pdf	book-file	
books/9337/9781728995557.epub	book-file	
books/9344/9781492053743.pdf	book-file	
books/9351/9781484232484.pdf	book-file	
books/9358/9780960010981.epub	book-file	
books/9365/9780136891055.pdf	book-file	
books/9372/9781484287446.pdf	book-file	
books/9379/9781491936696.epub	book-file	
books/9386/9781593275648.pdf	book-file	
books/9393/9781718503540.pdf	book-file	
books/9400/9781703052183.epub	book-file	
books/9407/9781482231618.pdf	book-file	
books/9414/9781494861278.pdf	book-file	
books/9421/9780691147147.epub	book-file	
books/9428/9781491929124.pdf	book-file	
books/9435/9781684542673.pdf	book-file	
books/9442/9781484200766.epub	book-file	
books/9449/9781466304161.pdf	book-file	
books/9456/9780964074040.pdf	book-file	
books/9463/9780596555467.epub	book-file	
books/9470/9781847941107.pdf	book-file	
books/9477/9780977616640.pdf	book-file	
books/9484/9781593273897.epub	book-file	
books/9491/9780134277554.pdf	book-file	
books/9498/9781430219125.pdf	book-file	
covers-user/9001/cover.png	user-cover	https://picsum.photos/seed/cover9001/640/360
covers-user/9003/cover.png	user-cover	https://picsum.photos/seed/cover9003/640/360
covers-user/9006/cover.png	user-cover	https://picsum.photos/seed/cover9006/640/360
covers-user/9012/cover.png	user-cover	https://picsum.photos/seed/cover9012/640/360
covers-user/9015/cover.png	user-cover	https://picsum.photos/seed/cover9015/640/360
covers-user/9018/cover.png	user-cover	https://picsum.photos/seed/cover9018/640/360
covers-user/9021/cover.png	user-cover	https://picsum.photos/seed/cover9021/640/360
covers-user/9024/cover.png	user-cover	https://picsum.photos/seed/cover9024/640/360
covers-user/9027/cover.png	user-cover	https://picsum.photos/seed/cover9027/640/360
covers-user/9030/cover.png	user-cover	https://picsum.photos/seed/cover9030/640/360
covers-user/9033/cover.png	user-cover	https://picsum.photos/seed/cover9033/640/360
covers-user/9036/cover.png	user-cover	https://picsum.photos/seed/cover9036/640/360
covers-user/9039/cover.png	user-cover	https://picsum.photos/seed/cover9039/640/360
covers-user/9045/cover.png	user-cover	https://picsum.photos/seed/cover9045/640/360
covers-user/9048/cover.png	user-cover	https://picsum.photos/seed/cover9048/640/360
covers-user/9051/cover.png	user-cover	https://picsum.photos/seed/cover9051/640/360
covers-user/9054/cover.png	user-cover	https://picsum.photos/seed/cover9054/640/360
covers-user/9057/cover.png	user-cover	https://picsum.photos/seed/cover9057/640/360
covers-user/9060/cover.png	user-cover	https://picsum.photos/seed/cover9060/640/360
covers-user/9063/cover.png	user-cover	https://picsum.photos/seed/cover9063/640/360
covers-user/9066/cover.png	user-cover	https://picsum.photos/seed/cover9066/640/360
covers-user/9069/cover.png	user-cover	https://picsum.photos/seed/cover9069/640/360
covers-user/9072/cover.png	user-cover	https://picsum.photos/seed/cover9072/640/360
covers-user/9078/cover.png	user-cover	https://picsum.photos/seed/cover9078/640/360
covers-user/9081/cover.png	user-cover	https://picsum.photos/seed/cover9081/640/360
covers-user/9084/cover.png	user-cover	https://picsum.photos/seed/cover9084/640/360
covers-user/9087/cover.png	user-cover	https://picsum.photos/seed/cover9087/640/360
covers-user/9090/cover.png	user-cover	https://picsum.photos/seed/cover9090/640/360
covers-user/9093/cover.png	user-cover	https://picsum.photos/seed/cover9093/640/360
covers-user/9096/cover.png	user-cover	https://picsum.photos/seed/cover9096/640/360
covers-user/9099/cover.png	user-cover	https://picsum.photos/seed/cover9099/640/360
covers-user/9102/cover.png	user-cover	https://picsum.photos/seed/cover9102/640/360
covers-user/9105/cover.png	user-cover	https://picsum.photos/seed/cover9105/640/360
covers-user/9111/cover.png	user-cover	https://picsum.photos/seed/cover9111/640/360
covers-user/9114/cover.png	user-cover	https://picsum.photos/seed/cover9114/640/360
covers-user/9117/cover.png	user-cover	https://picsum.photos/seed/cover9117/640/360
covers-user/9120/cover.png	user-cover	https://picsum.photos/seed/cover9120/640/360
covers-user/9123/cover.png	user-cover	https://picsum.photos/seed/cover9123/640/360
covers-user/9126/cover.png	user-cover	https://picsum.photos/seed/cover9126/640/360
covers-user/9129/cover.png	user-cover	https://picsum.photos/seed/cover9129/640/360
covers-user/9132/cover.png	user-cover	https://picsum.photos/seed/cover9132/640/360
covers-user/9135/cover.png	user-cover	https://picsum.photos/seed/cover9135/640/360
covers-user/9138/cover.png	user-cover	https://picsum.photos/seed/cover9138/640/360
covers-user/9144/cover.png	user-cover	https://picsum.photos/seed/cover9144/640/360
covers-user/9147/cover.png	user-cover	https://picsum.photos/seed/cover9147/640/360
covers-user/9150/cover.png	user-cover	https://picsum.photos/seed/cover9150/640/360
covers-user/9153/cover.png	user-cover	https://picsum.photos/seed/cover9153/640/360
covers-user/9156/cover.png	user-cover	https://picsum.photos/seed/cover9156/640/360
covers-user/9159/cover.png	user-cover	https://picsum.photos/seed/cover9159/640/360
covers-user/9162/cover.png	user-cover	https://picsum.photos/seed/cover9162/640/360
covers-user/9165/cover.png	user-cover	https://picsum.photos/seed/cover9165/640/360
covers-user/9168/cover.png	user-cover	https://picsum.photos/seed/cover9168/640/360
covers-user/9171/cover.png	user-cover	https://picsum.photos/seed/cover9171/640/360
covers-user/9177/cover.png	user-cover	https://picsum.photos/seed/cover9177/640/360
covers-user/9180/cover.png	user-cover	https://picsum.photos/seed/cover9180/640/360
covers-user/9183/cover.png	user-cover	https://picsum.photos/seed/cover9183/640/360
covers-user/9186/cover.png	user-cover	https://picsum.photos/seed/cover9186/640/360
covers-user/9189/cover.png	user-cover	https://picsum.photos/seed/cover9189/640/360
covers-user/9192/cover.png	user-cover	https://picsum.photos/seed/cover9192/640/360
covers-user/9195/cover.png	user-cover	https://picsum.photos/seed/cover9195/640/360
covers-user/9198/cover.png	user-cover	https://picsum.photos/seed/cover9198/640/360
covers-user/9201/cover.png	user-cover	https://picsum.photos/seed/cover9201/640/360
covers-user/9204/cover.png	user-cover	https://picsum.photos/seed/cover9204/640/360
covers-user/9210/cover.png	user-cover	https://picsum.photos/seed/cover9210/640/360
covers-user/9213/cover.png	user-cover	https://picsum.photos/seed/cover9213/640/360
covers-user/9216/cover.png	user-cover	https://picsum.photos/seed/cover9216/640/360
covers-user/9219/cover.png	user-cover	https://picsum.photos/seed/cover9219/640/360
covers-user/9222/cover.png	user-cover	https://picsum.photos/seed/cover9222/640/360
covers-user/9225/cover.png	user-cover	https://picsum.photos/seed/cover9225/640/360
covers-user/9228/cover.png	user-cover	https://picsum.photos/seed/cover9228/640/360
covers-user/9231/cover.png	user-cover	https://picsum.photos/seed/cover9231/640/360
covers-user/9234/cover.png	user-cover	https://picsum.photos/seed/cover9234/640/360
covers-user/9237/cover.png	user-cover	https://picsum.photos/seed/cover9237/640/360
covers-user/9243/cover.png	user-cover	https://picsum.photos/seed/cover9243/640/360
covers-user/9246/cover.png	user-cover	https://picsum.photos/seed/cover9246/640/360
covers-user/9249/cover.png	user-cover	https://picsum.photos/seed/cover9249/640/360
covers-user/9252/cover.png	user-cover	https://picsum.photos/seed/cover9252/640/360
covers-user/9255/cover.png	user-cover	https://picsum.photos/seed/cover9255/640/360
covers-user/9258/cover.png	user-cover	https://picsum.photos/seed/cover9258/640/360
covers-user/9261/cover.png	user-cover	https://picsum.photos/seed/cover9261/640/360
covers-user/9264/cover.png	user-cover	https://picsum.photos/seed/cover9264/640/360
covers-user/9267/cover.png	user-cover	https://picsum.photos/seed/cover9267/640/360
covers-user/9270/cover.png	user-cover	https://picsum.photos/seed/cover9270/640/360
covers-user/9276/cover.png	user-cover	https://picsum.photos/seed/cover9276/640/360
covers-user/9279/cover.png	user-cover	https://picsum.photos/seed/cover9279/640/360
covers-user/9282/cover.png	user-cover	https://picsum.photos/seed/cover9282/640/360
covers-user/9285/cover.png	user-cover	https://picsum.photos/seed/cover9285/640/360
covers-user/9288/cover.png	user-cover	https://picsum.photos/seed/cover9288/640/360
covers-user/9291/cover.png	user-cover	https://picsum.photos/seed/cover9291/640/360
covers-user/9294/cover.png	user-cover	https://picsum.photos/seed/cover9294/640/360
covers-user/9297/cover.png	user-cover	https://picsum.photos/seed/cover9297/640/360
covers-user/9300/cover.png	user-cover	https://picsum.photos/seed/cover9300/640/360
covers-user/9303/cover.png	user-cover	https://picsum.photos/seed/cover9303/640/360
covers-user/9309/cover.png	user-cover	https://picsum.photos/seed/cover9309/640/360
covers-user/9312/cover.png	user-cover	https://picsum.photos/seed/cover9312/640/360
covers-user/9315/cover.png	user-cover	https://picsum.photos/seed/cover9315/640/360
covers-user/9318/cover.png	user-cover	https://picsum.photos/seed/cover9318/640/360
covers-user/9321/cover.png	user-cover	https://picsum.photos/seed/cover9321/640/360
covers-user/9324/cover.png	user-cover	https://picsum.photos/seed/cover9324/640/360
covers-user/9327/cover.png	user-cover	https://picsum.photos/seed/cover9327/640/360
covers-user/9330/cover.png	user-cover	https://picsum.photos/seed/cover9330/640/360
covers-user/9333/cover.png	user-cover	https://picsum.photos/seed/cover9333/640/360
covers-user/9336/cover.png	user-cover	https://picsum.photos/seed/cover9336/640/360
covers-user/9342/cover.png	user-cover	https://picsum.photos/seed/cover9342/640/360
covers-user/9345/cover.png	user-cover	https://picsum.photos/seed/cover9345/640/360
covers-user/9348/cover.png	user-cover	https://picsum.photos/seed/cover9348/640/360
covers-user/9351/cover.png	user-cover	https://picsum.photos/seed/cover9351/640/360
covers-user/9354/cover.png	user-cover	https://picsum.photos/seed/cover9354/640/360
covers-user/9357/cover.png	user-cover	https://picsum.photos/seed/cover9357/640/360
covers-user/9360/cover.png	user-cover	https://picsum.photos/seed/cover9360/640/360
covers-user/9363/cover.png	user-cover	https://picsum.photos/seed/cover9363/640/360
covers-user/9366/cover.png	user-cover	https://picsum.photos/seed/cover9366/640/360
covers-user/9369/cover.png	user-cover	https://picsum.photos/seed/cover9369/640/360
covers-user/9375/cover.png	user-cover	https://picsum.photos/seed/cover9375/640/360
covers-user/9378/cover.png	user-cover	https://picsum.photos/seed/cover9378/640/360
covers-user/9381/cover.png	user-cover	https://picsum.photos/seed/cover9381/640/360
covers-user/9384/cover.png	user-cover	https://picsum.photos/seed/cover9384/640/360
covers-user/9387/cover.png	user-cover	https://picsum.photos/seed/cover9387/640/360
covers-user/9390/cover.png	user-cover	https://picsum.photos/seed/cover9390/640/360
covers-user/9393/cover.png	user-cover	https://picsum.photos/seed/cover9393/640/360
covers-user/9396/cover.png	user-cover	https://picsum.photos/seed/cover9396/640/360
covers-user/9399/cover.png	user-cover	https://picsum.photos/seed/cover9399/640/360
covers-user/9402/cover.png	user-cover	https://picsum.photos/seed/cover9402/640/360
covers-user/9408/cover.png	user-cover	https://picsum.photos/seed/cover9408/640/360
covers-user/9411/cover.png	user-cover	https://picsum.photos/seed/cover9411/640/360
covers-user/9414/cover.png	user-cover	https://picsum.photos/seed/cover9414/640/360
covers-user/9417/cover.png	user-cover	https://picsum.photos/seed/cover9417/640/360
covers-user/9420/cover.png	user-cover	https://picsum.photos/seed/cover9420/640/360
covers-user/9423/cover.png	user-cover	https://picsum.photos/seed/cover9423/640/360
covers-user/9426/cover.png	user-cover	https://picsum.photos/seed/cover9426/640/360
covers-user/9429/cover.png	user-cover	https://picsum.photos/seed/cover9429/640/360
covers-user/9432/cover.png	user-cover	https://picsum.photos/seed/cover9432/640/360
covers-user/9435/cover.png	user-cover	https://picsum.photos/seed/cover9435/640/360
covers-user/9441/cover.png	user-cover	https://picsum.photos/seed/cover9441/640/360
covers-user/9444/cover.png	user-cover	https://picsum.photos/seed/cover9444/640/360
covers-user/9447/cover.png	user-cover	https://picsum.photos/seed/cover9447/640/360
covers-user/9450/cover.png	user-cover	https://picsum.photos/seed/cover9450/640/360
covers-user/9453/cover.png	user-cover	https://picsum.photos/seed/cover9453/640/360
covers-user/9456/cover.png	user-cover	https://picsum.photos/seed/cover9456/640/360
covers-user/9459/cover.png	user-cover	https://picsum.photos/seed/cover9459/640/360
covers-user/9462/cover.png	user-cover	https://picsum.photos/seed/cover9462/640/360
covers-user/9465/cover.png	user-cover	https://picsum.photos/seed/cover9465/640/360
covers-user/9468/cover.png	user-cover	https://picsum.photos/seed/cover9468/640/360
covers-user/9474/cover.png	user-cover	https://picsum.photos/seed/cover9474/640/360
covers-user/9477/cover.png	user-cover	https://picsum.photos/seed/cover9477/640/360
covers-user/9480/cover.png	user-cover	https://picsum.photos/seed/cover9480/640/360
covers-user/9483/cover.png	user-cover	https://picsum.photos/seed/cover9483/640/360
covers-user/9486/cover.png	user-cover	https://picsum.photos/seed/cover9486/640/360
covers-user/9489/cover.png	user-cover	https://picsum.photos/seed/cover9489/640/360
covers-user/9492/cover.png	user-cover	https://picsum.photos/seed/cover9492/640/360
covers-user/9495/cover.png	user-cover	https://picsum.photos/seed/cover9495/640/360
covers-user/9498/cover.png	user-cover	https://picsum.photos/seed/cover9498/640/360
covers/9001/9780132350884.jpg	book-cover	https://covers.openlibrary.org/b/isbn/9780132350884-L.jpg
covers/9007/9780596100797.jpg	book-cover	https://covers.openlibrary.org/b/isbn/9780596100797-L.jpg
covers/9008/9780134190440.jpg	book-cover	https://covers.openlibrary.org/b/isbn/9780134190440-L.jpg
covers/9014/9780596515829.jpg	book-cover	https://covers.openlibrary.org/b/isbn/9780596515829-L.jpg
covers/9015/9780134494166.jpg	book-cover	https://covers.openlibrary.org/b/isbn/9780134494166-L.jpg
covers/9021/9780789723529.jpg	book-cover	https://covers.openlibrary.org/b/isbn/9780789723529-L.jpg
covers/9022/9780134685991.jpg	book-cover	https://covers.openlibrary.org/b/isbn/9780134685991-L.jpg
covers/9028/9780130470119.jpg	book-cover	https://covers.openlibrary.org/b/isbn/9780130470119-L.jpg
covers/9029/9780134757599.jpg	book-cover	https://covers.openlibrary.org/b/isbn/9780134757599-L.jpg
covers/9035/9780130084668.jpg	book-cover	https://covers.openlibrary.org/b/isbn/9780130084668-L.jpg
covers/9036/9780135957059.jpg	book-cover	https://covers.openlibrary.org/b/isbn/9780135957059-L.jpg
covers/9042/9780073376202.jpg	book-cover	https://covers.openlibrary.org/b/isbn/9780073376202-L.jpg
covers/9043/9780201633610.jpg	book-cover	https://covers.openlibrary.org/b/isbn/9780201633610-L.jpg
covers/9049/9780672319853.jpg	book-cover	https://covers.openlibrary.org/b/isbn/9780672319853-L.jpg
covers/9050/9780201835953.jpg	book-cover	https://covers.openlibrary.org/b/isbn/9780201835953-L.jpg
covers/9056/9781861005151.jpg	book-cover	https://covers.openlibrary.org/b/isbn/9781861005151-L.jpg
covers/9057/9780262033848.jpg	book-cover	https://covers.openlibrary.org/b/isbn/9780262033848-L.jpg
covers/9064/9780262035613.jpg	book-cover	https://covers.openlibrary.org/b/isbn/9780262035613-L.jpg
covers/9071/9780307887894.jpg	book-cover	https://covers.openlibrary.org/b/isbn/9780307887894-L.jpg
covers/9078/9780321125217.jpg	book-cover	https://covers.openlibrary.org/b/isbn/9780321125217-L.jpg
covers/9085/9780321278654.jpg	book-cover	https://covers.openlibrary.org/b/isbn/9780321278654-L.jpg
covers/9092/9780321884992.jpg	book-cover	https://covers.openlibrary.org/b/isbn/9780321884992-L.jpg
covers/9099/9780321965516.jpg	book-cover	https://covers.openlibrary.org/b/isbn/9780321965516-L.jpg
covers/9106/9780596007126.jpg	book-cover	https://covers.openlibrary.org/b/isbn/9780596007126-L.jpg
covers/9113/9780596517748.jpg	book-cover	https://covers.openlibrary.org/b/isbn/9780596517748-L.jpg
covers/9120/9780596528126.jpg	book-cover	https://covers.openlibrary.org/b/isbn/9780596528126-L.jpg
covers/9127/9780596805524.jpg	book-cover	https://covers.openlibrary.org/b/isbn/9780596805524-L.jpg
covers/9134/9780735619678.jpg	book-cover	https://covers.openlibrary.org/b/isbn/9780735619678-L.jpg
covers/9141/9781098107963.jpg	book-cover	https://covers.openlibrary.org/b/isbn/9781098107963-L.jpg
covers/9148/9781449331818.jpg	book-cover	https://covers.openlibrary.org/b/isbn/9781449331818-L.jpg
covers/9155/9781449373320.jpg	book-cover	https://covers.openlibrary.org/b/isbn/9781449373320-L.jpg
covers/9162/9781491901632.jpg	book-cover	https://covers.openlibrary.org/b/isbn/9781491901632-L.jpg
covers/9169/9781491946008.jpg	book-cover	https://covers.openlibrary.org/b/isbn/9781491946008-L.jpg
covers/9176/9781491950357.jpg	book-cover	https://covers.openlibrary.org/b/isbn/9781491950357-L.jpg
covers/9183/9781491963418.jpg	book-cover	https://covers.openlibrary.org/b/isbn/9781491963418-L.jpg
covers/9190/9781491983645.jpg	book-cover	https://covers.openlibrary.org/b/isbn/9781491983645-L.jpg
covers/9197/9781492032649.jpg	book-cover	https://covers.openlibrary.org/b/isbn/9781492032649-L.jpg
covers/9204/9781492043089.jpg	book-cover	https://covers.openlibrary.org/b/isbn/9781492043089-L.jpg
covers/9211/9781492077213.jpg	book-cover	https://covers.openlibrary.org/b/isbn/9781492077213-L.jpg
covers/9218/9781492082798.jpg	book-cover	https://covers.openlibrary.org/b/isbn/9781492082798-L.jpg
covers/9225/9781593279509.jpg	book-cover	https://covers.openlibrary.org/b/isbn/9781593279509-L.jpg
covers/9232/9781593279929.jpg	book-cover	https://covers.openlibrary.org/b/isbn/9781593279929-L.jpg
covers/9239/9781617291029.jpg	book-cover	https://covers.openlibrary.org/b/isbn/9781617291029-L.jpg
covers/9246/9781617292231.jpg	book-cover	https://covers.openlibrary.org/b/isbn/9781617292231-L.jpg
covers/9253/9781617293726.jpg	book-cover	https://covers.openlibrary.org/b/isbn/9781617293726-L.jpg
covers/9260/9781617294945.jpg	book-cover	https://covers.openlibrary.org/b/isbn/9781617294945-L.jpg
covers/9267/9781718503106.jpg	book-cover	https://covers.openlibrary.org/b/isbn/9781718503106-L.jpg
covers/9274/9780131495050.jpg	book-cover	https://covers.openlibrary.org/b/isbn/9780131495050-L.jpg
covers/9281/9798847211437.jpg	book-cover	https://covers.openlibrary.org/b/isbn/9798847211437-L.jpg
covers/9288/9780136060864.jpg	book-cover	https://covers.openlibrary.org/b/isbn/9780136060864-L.jpg
covers/9295/9781098142162.jpg	book-cover	https://covers.openlibrary.org/b/isbn/9781098142162-L.jpg
covers/9302/9781492058335.jpg	book-cover	https://covers.openlibrary.org/b/isbn/9781492058335-L.jpg
covers/9309/9786586110616.jpg	book-cover	https://covers.openlibrary.org/b/isbn/9786586110616-L.jpg
covers/9316/9781492083658.jpg	book-cover	https://covers.openlibrary.org/b/isbn/9781492083658-L.jpg
covers/9323/9781617297618.jpg	book-cover	https://covers.openlibrary.org/b/isbn/9781617297618-L.jpg
covers/9330/9781800560444.jpg	book-cover	https://covers.openlibrary.org/b/isbn/9781800560444-L.jpg
covers/9337/9781728995557.jpg	book-cover	https://covers.openlibrary.org/b/isbn/9781728995557-L.jpg
covers/9344/9781492053743.jpg	book-cover	https://covers.openlibrary.org/b/isbn/9781492053743-L.jpg
covers/9351/9781484232484.jpg	book-cover	https://covers.openlibrary.org/b/isbn/9781484232484-L.jpg
covers/9358/9780960010981.jpg	book-cover	https://covers.openlibrary.org/b/isbn/9780960010981-L.jpg
covers/9365/9780136891055.jpg	book-cover	https://covers.openlibrary.org/b/isbn/9780136891055-L.jpg
covers/9372/9781484287446.jpg	book-cover	https://covers.openlibrary.org/b/isbn/9781484287446-L.jpg
covers/9379/9781491936696.jpg	book-cover	https://covers.openlibrary.org/b/isbn/9781491936696-L.jpg
covers/9386/9781593275648.jpg	book-cover	https://covers.openlibrary.org/b/isbn/9781593275648-L.jpg
covers/9393/9781718503540.jpg	book-cover	https://covers.openlibrary.org/b/isbn/9781718503540-L.jpg
covers/9400/9781703052183.jpg	book-cover	https://covers.openlibrary.org/b/isbn/9781703052183-L.jpg
covers/9407/9781482231618.jpg	book-cover	https://covers.openlibrary.org/b/isbn/9781482231618-L.jpg
covers/9414/9781494861278.jpg	book-cover	https://covers.openlibrary.org/b/isbn/9781494861278-L.jpg
covers/9421/9780691147147.jpg	book-cover	https://covers.openlibrary.org/b/isbn/9780691147147-L.jpg
covers/9428/9781491929124.jpg	book-cover	https://covers.openlibrary.org/b/isbn/9781491929124-L.jpg
covers/9435/9781684542673.jpg	book-cover	https://covers.openlibrary.org/b/isbn/9781684542673-L.jpg
covers/9442/9781484200766.jpg	book-cover	https://covers.openlibrary.org/b/isbn/9781484200766-L.jpg
covers/9449/9781466304161.jpg	book-cover	https://covers.openlibrary.org/b/isbn/9781466304161-L.jpg
covers/9456/9780964074040.jpg	book-cover	https://covers.openlibrary.org/b/isbn/9780964074040-L.jpg
covers/9463/9780596555467.jpg	book-cover	https://covers.openlibrary.org/b/isbn/9780596555467-L.jpg
covers/9470/9781847941107.jpg	book-cover	https://covers.openlibrary.org/b/isbn/9781847941107-L.jpg
covers/9477/9780977616640.jpg	book-cover	https://covers.openlibrary.org/b/isbn/9780977616640-L.jpg
covers/9484/9781593273897.jpg	book-cover	https://covers.openlibrary.org/b/isbn/9781593273897-L.jpg
covers/9491/9780134277554.jpg	book-cover	https://covers.openlibrary.org/b/isbn/9780134277554-L.jpg
covers/9498/9781430219125.jpg	book-cover	https://covers.openlibrary.org/b/isbn/9781430219125-L.jpg
posts/100241/cover.png	article-cover	https://picsum.photos/seed/art100241/640/360
posts/100245/cover.png	article-cover	https://picsum.photos/seed/art100245/640/360
posts/100249/cover.png	article-cover	https://picsum.photos/seed/art100249/640/360
posts/100253/cover.png	article-cover	https://picsum.photos/seed/art100253/640/360
posts/100257/cover.png	article-cover	https://picsum.photos/seed/art100257/640/360
posts/100261/cover.png	article-cover	https://picsum.photos/seed/art100261/640/360
posts/100265/cover.png	article-cover	https://picsum.photos/seed/art100265/640/360
posts/100269/cover.png	article-cover	https://picsum.photos/seed/art100269/640/360
posts/100273/cover.png	article-cover	https://picsum.photos/seed/art100273/640/360
posts/100277/cover.png	article-cover	https://picsum.photos/seed/art100277/640/360
posts/100281/cover.png	article-cover	https://picsum.photos/seed/art100281/640/360
posts/100285/cover.png	article-cover	https://picsum.photos/seed/art100285/640/360
posts/100289/cover.png	article-cover	https://picsum.photos/seed/art100289/640/360
posts/100293/cover.png	article-cover	https://picsum.photos/seed/art100293/640/360
posts/100297/cover.png	article-cover	https://picsum.photos/seed/art100297/640/360
posts/100301/cover.png	article-cover	https://picsum.photos/seed/art100301/640/360
posts/100305/cover.png	article-cover	https://picsum.photos/seed/art100305/640/360
posts/100309/cover.png	article-cover	https://picsum.photos/seed/art100309/640/360
posts/100313/cover.png	article-cover	https://picsum.photos/seed/art100313/640/360
posts/100317/cover.png	article-cover	https://picsum.photos/seed/art100317/640/360
posts/100321/cover.png	article-cover	https://picsum.photos/seed/art100321/640/360
posts/100325/cover.png	article-cover	https://picsum.photos/seed/art100325/640/360
posts/100329/cover.png	article-cover	https://picsum.photos/seed/art100329/640/360
posts/100333/cover.png	article-cover	https://picsum.photos/seed/art100333/640/360
posts/100337/cover.png	article-cover	https://picsum.photos/seed/art100337/640/360
posts/100341/cover.png	article-cover	https://picsum.photos/seed/art100341/640/360
posts/100345/cover.png	article-cover	https://picsum.photos/seed/art100345/640/360
posts/100349/cover.png	article-cover	https://picsum.photos/seed/art100349/640/360
posts/100353/cover.png	article-cover	https://picsum.photos/seed/art100353/640/360
posts/100357/cover.png	article-cover	https://picsum.photos/seed/art100357/640/360
posts/100642/thumb.png	link-thumb	https://picsum.photos/seed/link100642/640/360
posts/100643/thumb.png	link-thumb	https://picsum.photos/seed/link100643/640/360
posts/100645/thumb.png	link-thumb	https://picsum.photos/seed/link100645/640/360
posts/100646/thumb.png	link-thumb	https://picsum.photos/seed/link100646/640/360
posts/100648/thumb.png	link-thumb	https://picsum.photos/seed/link100648/640/360
posts/100649/thumb.png	link-thumb	https://picsum.photos/seed/link100649/640/360
posts/100651/thumb.png	link-thumb	https://picsum.photos/seed/link100651/640/360
posts/100652/thumb.png	link-thumb	https://picsum.photos/seed/link100652/640/360
posts/100654/thumb.png	link-thumb	https://picsum.photos/seed/link100654/640/360
posts/100655/thumb.png	link-thumb	https://picsum.photos/seed/link100655/640/360
posts/100657/thumb.png	link-thumb	https://picsum.photos/seed/link100657/640/360
posts/100658/thumb.png	link-thumb	https://picsum.photos/seed/link100658/640/360
posts/100660/thumb.png	link-thumb	https://picsum.photos/seed/link100660/640/360
posts/100661/thumb.png	link-thumb	https://picsum.photos/seed/link100661/640/360
posts/100663/thumb.png	link-thumb	https://picsum.photos/seed/link100663/640/360
posts/100664/thumb.png	link-thumb	https://picsum.photos/seed/link100664/640/360
posts/100666/thumb.png	link-thumb	https://picsum.photos/seed/link100666/640/360
posts/100667/thumb.png	link-thumb	https://picsum.photos/seed/link100667/640/360
posts/100669/thumb.png	link-thumb	https://picsum.photos/seed/link100669/640/360
posts/100670/thumb.png	link-thumb	https://picsum.photos/seed/link100670/640/360
posts/100672/thumb.png	link-thumb	https://picsum.photos/seed/link100672/640/360
posts/100673/thumb.png	link-thumb	https://picsum.photos/seed/link100673/640/360
posts/100675/thumb.png	link-thumb	https://picsum.photos/seed/link100675/640/360
posts/100676/thumb.png	link-thumb	https://picsum.photos/seed/link100676/640/360
posts/100678/thumb.png	link-thumb	https://picsum.photos/seed/link100678/640/360
posts/100679/thumb.png	link-thumb	https://picsum.photos/seed/link100679/640/360
posts/100681/thumb.png	link-thumb	https://picsum.photos/seed/link100681/640/360
posts/100682/thumb.png	link-thumb	https://picsum.photos/seed/link100682/640/360
posts/100684/thumb.png	link-thumb	https://picsum.photos/seed/link100684/640/360
posts/100685/thumb.png	link-thumb	https://picsum.photos/seed/link100685/640/360
posts/100687/thumb.png	link-thumb	https://picsum.photos/seed/link100687/640/360
posts/100688/thumb.png	link-thumb	https://picsum.photos/seed/link100688/640/360
posts/100690/thumb.png	link-thumb	https://picsum.photos/seed/link100690/640/360
posts/100691/thumb.png	link-thumb	https://picsum.photos/seed/link100691/640/360
posts/100693/thumb.png	link-thumb	https://picsum.photos/seed/link100693/640/360
posts/100694/thumb.png	link-thumb	https://picsum.photos/seed/link100694/640/360
posts/100696/thumb.png	link-thumb	https://picsum.photos/seed/link100696/640/360
posts/100697/thumb.png	link-thumb	https://picsum.photos/seed/link100697/640/360
posts/100699/thumb.png	link-thumb	https://picsum.photos/seed/link100699/640/360
posts/100700/thumb.png	link-thumb	https://picsum.photos/seed/link100700/640/360
posts/100702/thumb.png	link-thumb	https://picsum.photos/seed/link100702/640/360
posts/100703/thumb.png	link-thumb	https://picsum.photos/seed/link100703/640/360
posts/100705/thumb.png	link-thumb	https://picsum.photos/seed/link100705/640/360
posts/100706/thumb.png	link-thumb	https://picsum.photos/seed/link100706/640/360
posts/100708/thumb.png	link-thumb	https://picsum.photos/seed/link100708/640/360
posts/100709/thumb.png	link-thumb	https://picsum.photos/seed/link100709/640/360
posts/100711/thumb.png	link-thumb	https://picsum.photos/seed/link100711/640/360
posts/100712/thumb.png	link-thumb	https://picsum.photos/seed/link100712/640/360
posts/100714/thumb.png	link-thumb	https://picsum.photos/seed/link100714/640/360
posts/100715/thumb.png	link-thumb	https://picsum.photos/seed/link100715/640/360
posts/100717/thumb.png	link-thumb	https://picsum.photos/seed/link100717/640/360
posts/100718/thumb.png	link-thumb	https://picsum.photos/seed/link100718/640/360
posts/100720/thumb.png	link-thumb	https://picsum.photos/seed/link100720/640/360
posts/100721/thumb.png	link-thumb	https://picsum.photos/seed/link100721/640/360
posts/100723/thumb.png	link-thumb	https://picsum.photos/seed/link100723/640/360
posts/100724/thumb.png	link-thumb	https://picsum.photos/seed/link100724/640/360
posts/100726/thumb.png	link-thumb	https://picsum.photos/seed/link100726/640/360
posts/100727/thumb.png	link-thumb	https://picsum.photos/seed/link100727/640/360
posts/100729/thumb.png	link-thumb	https://picsum.photos/seed/link100729/640/360
posts/100730/thumb.png	link-thumb	https://picsum.photos/seed/link100730/640/360
posts/100732/thumb.png	link-thumb	https://picsum.photos/seed/link100732/640/360
posts/100733/thumb.png	link-thumb	https://picsum.photos/seed/link100733/640/360
posts/100735/thumb.png	link-thumb	https://picsum.photos/seed/link100735/640/360
posts/100736/thumb.png	link-thumb	https://picsum.photos/seed/link100736/640/360
posts/100738/thumb.png	link-thumb	https://picsum.photos/seed/link100738/640/360
posts/100739/thumb.png	link-thumb	https://picsum.photos/seed/link100739/640/360
posts/100741/thumb.png	link-thumb	https://picsum.photos/seed/link100741/640/360
posts/100742/thumb.png	link-thumb	https://picsum.photos/seed/link100742/640/360
posts/100744/thumb.png	link-thumb	https://picsum.photos/seed/link100744/640/360
posts/100745/thumb.png	link-thumb	https://picsum.photos/seed/link100745/640/360
posts/100747/thumb.png	link-thumb	https://picsum.photos/seed/link100747/640/360
posts/100748/thumb.png	link-thumb	https://picsum.photos/seed/link100748/640/360
posts/100750/thumb.png	link-thumb	https://picsum.photos/seed/link100750/640/360
posts/100751/thumb.png	link-thumb	https://picsum.photos/seed/link100751/640/360
posts/100753/thumb.png	link-thumb	https://picsum.photos/seed/link100753/640/360
posts/100754/thumb.png	link-thumb	https://picsum.photos/seed/link100754/640/360
posts/100756/thumb.png	link-thumb	https://picsum.photos/seed/link100756/640/360
posts/100757/thumb.png	link-thumb	https://picsum.photos/seed/link100757/640/360
posts/100759/thumb.png	link-thumb	https://picsum.photos/seed/link100759/640/360
posts/100760/thumb.png	link-thumb	https://picsum.photos/seed/link100760/640/360
posts/100841/img1.png	post-image	https://picsum.photos/seed/p100841x0/640/360
posts/100878/img1.png	post-image	https://picsum.photos/seed/p100878x0/640/360
posts/100894/img1.png	post-image	https://picsum.photos/seed/p100894x0/640/360
posts/100894/img2.png	post-image	https://picsum.photos/seed/p100894x1/640/360
posts/100915/img1.png	post-image	https://picsum.photos/seed/p100915x0/640/360
posts/100942/img1.png	post-image	https://picsum.photos/seed/p100942x0/640/360
posts/100942/img2.png	post-image	https://picsum.photos/seed/p100942x1/640/360
posts/100942/img3.png	post-image	https://picsum.photos/seed/p100942x2/640/360
posts/100942/img4.png	post-image	https://picsum.photos/seed/p100942x3/640/360
posts/100947/img1.png	post-image	https://picsum.photos/seed/p100947x0/640/360
posts/100947/img2.png	post-image	https://picsum.photos/seed/p100947x1/640/360
posts/100952/img1.png	post-image	https://picsum.photos/seed/p100952x0/640/360
posts/100989/img1.png	post-image	https://picsum.photos/seed/p100989x0/640/360
posts/101000/img1.png	post-image	https://picsum.photos/seed/p101000x0/640/360
posts/101000/img2.png	post-image	https://picsum.photos/seed/p101000x1/640/360
posts/101026/img1.png	post-image	https://picsum.photos/seed/p101026x0/640/360
posts/101043/img1.png	post-image	https://picsum.photos/seed/p101043x0/640/360
posts/101043/img2.png	post-image	https://picsum.photos/seed/p101043x1/640/360
posts/101043/img3.png	post-image	https://picsum.photos/seed/p101043x2/640/360
posts/101043/img4.png	post-image	https://picsum.photos/seed/p101043x3/640/360
posts/101053/img1.png	post-image	https://picsum.photos/seed/p101053x0/640/360
posts/101053/img2.png	post-image	https://picsum.photos/seed/p101053x1/640/360
posts/101063/img1.png	post-image	https://picsum.photos/seed/p101063x0/640/360
posts/101100/img1.png	post-image	https://picsum.photos/seed/p101100x0/640/360
posts/101106/img1.png	post-image	https://picsum.photos/seed/p101106x0/640/360
posts/101106/img2.png	post-image	https://picsum.photos/seed/p101106x1/640/360
posts/101137/img1.png	post-image	https://picsum.photos/seed/p101137x0/640/360
posts/101144/img1.png	post-image	https://picsum.photos/seed/p101144x0/640/360
posts/101144/img2.png	post-image	https://picsum.photos/seed/p101144x1/640/360
posts/101144/img3.png	post-image	https://picsum.photos/seed/p101144x2/640/360
posts/101144/img4.png	post-image	https://picsum.photos/seed/p101144x3/640/360
posts/101159/img1.png	post-image	https://picsum.photos/seed/p101159x0/640/360
posts/101159/img2.png	post-image	https://picsum.photos/seed/p101159x1/640/360
posts/101174/img1.png	post-image	https://picsum.photos/seed/p101174x0/640/360
posts/101211/img1.png	post-image	https://picsum.photos/seed/p101211x0/640/360
posts/101212/img1.png	post-image	https://picsum.photos/seed/p101212x0/640/360
posts/101212/img2.png	post-image	https://picsum.photos/seed/p101212x1/640/360
posts/101245/img1.png	post-image	https://picsum.photos/seed/p101245x0/640/360
posts/101245/img2.png	post-image	https://picsum.photos/seed/p101245x1/640/360
posts/101245/img3.png	post-image	https://picsum.photos/seed/p101245x2/640/360
posts/101245/img4.png	post-image	https://picsum.photos/seed/p101245x3/640/360
posts/101248/img1.png	post-image	https://picsum.photos/seed/p101248x0/640/360
posts/101265/img1.png	post-image	https://picsum.photos/seed/p101265x0/640/360
posts/101265/img2.png	post-image	https://picsum.photos/seed/p101265x1/640/360
posts/101285/img1.png	post-image	https://picsum.photos/seed/p101285x0/640/360
posts/101318/img1.png	post-image	https://picsum.photos/seed/p101318x0/640/360
posts/101318/img2.png	post-image	https://picsum.photos/seed/p101318x1/640/360
posts/101322/img1.png	post-image	https://picsum.photos/seed/p101322x0/640/360
posts/101346/img1.png	post-image	https://picsum.photos/seed/p101346x0/640/360
posts/101346/img2.png	post-image	https://picsum.photos/seed/p101346x1/640/360
posts/101346/img3.png	post-image	https://picsum.photos/seed/p101346x2/640/360
posts/101346/img4.png	post-image	https://picsum.photos/seed/p101346x3/640/360
posts/101359/img1.png	post-image	https://picsum.photos/seed/p101359x0/640/360
posts/101371/img1.png	post-image	https://picsum.photos/seed/p101371x0/640/360
posts/101371/img2.png	post-image	https://picsum.photos/seed/p101371x1/640/360
posts/101396/img1.png	post-image	https://picsum.photos/seed/p101396x0/640/360
posts/101424/img1.png	post-image	https://picsum.photos/seed/p101424x0/640/360
posts/101424/img2.png	post-image	https://picsum.photos/seed/p101424x1/640/360
posts/101433/img1.png	post-image	https://picsum.photos/seed/p101433x0/640/360
posts/101447/img1.png	post-image	https://picsum.photos/seed/p101447x0/640/360
posts/101447/img2.png	post-image	https://picsum.photos/seed/p101447x1/640/360
posts/101447/img3.png	post-image	https://picsum.photos/seed/p101447x2/640/360
posts/101447/img4.png	post-image	https://picsum.photos/seed/p101447x3/640/360
posts/101470/img1.png	post-image	https://picsum.photos/seed/p101470x0/640/360
posts/101477/img1.png	post-image	https://picsum.photos/seed/p101477x0/640/360
posts/101477/img2.png	post-image	https://picsum.photos/seed/p101477x1/640/360
posts/101507/img1.png	post-image	https://picsum.photos/seed/p101507x0/640/360
posts/101530/img1.png	post-image	https://picsum.photos/seed/p101530x0/640/360
posts/101530/img2.png	post-image	https://picsum.photos/seed/p101530x1/640/360
posts/101544/img1.png	post-image	https://picsum.photos/seed/p101544x0/640/360
posts/101548/img1.png	post-image	https://picsum.photos/seed/p101548x0/640/360
posts/101548/img2.png	post-image	https://picsum.photos/seed/p101548x1/640/360
posts/101548/img3.png	post-image	https://picsum.photos/seed/p101548x2/640/360
posts/101548/img4.png	post-image	https://picsum.photos/seed/p101548x3/640/360
posts/101581/img1.png	post-image	https://picsum.photos/seed/p101581x0/640/360
posts/101583/img1.png	post-image	https://picsum.photos/seed/p101583x0/640/360
posts/101583/img2.png	post-image	https://picsum.photos/seed/p101583x1/640/360
posts/101618/img1.png	post-image	https://picsum.photos/seed/p101618x0/640/360
posts/101636/img1.png	post-image	https://picsum.photos/seed/p101636x0/640/360
posts/101636/img2.png	post-image	https://picsum.photos/seed/p101636x1/640/360
posts/101649/img1.png	post-image	https://picsum.photos/seed/p101649x0/640/360
posts/101649/img2.png	post-image	https://picsum.photos/seed/p101649x1/640/360
posts/101649/img3.png	post-image	https://picsum.photos/seed/p101649x2/640/360
posts/101649/img4.png	post-image	https://picsum.photos/seed/p101649x3/640/360
posts/101655/img1.png	post-image	https://picsum.photos/seed/p101655x0/640/360
posts/101689/img1.png	post-image	https://picsum.photos/seed/p101689x0/640/360
posts/101689/img2.png	post-image	https://picsum.photos/seed/p101689x1/640/360
posts/101692/img1.png	post-image	https://picsum.photos/seed/p101692x0/640/360
posts/101729/img1.png	post-image	https://picsum.photos/seed/p101729x0/640/360
posts/101742/img1.png	post-image	https://picsum.photos/seed/p101742x0/640/360
posts/101742/img2.png	post-image	https://picsum.photos/seed/p101742x1/640/360
posts/101750/img1.png	post-image	https://picsum.photos/seed/p101750x0/640/360
posts/101750/img2.png	post-image	https://picsum.photos/seed/p101750x1/640/360
posts/101750/img3.png	post-image	https://picsum.photos/seed/p101750x2/640/360
posts/101750/img4.png	post-image	https://picsum.photos/seed/p101750x3/640/360
posts/101766/img1.png	post-image	https://picsum.photos/seed/p101766x0/640/360
posts/101795/img1.png	post-image	https://picsum.photos/seed/p101795x0/640/360
posts/101795/img2.png	post-image	https://picsum.photos/seed/p101795x1/640/360
posts/101803/img1.png	post-image	https://picsum.photos/seed/p101803x0/640/360
posts/101840/img1.png	post-image	https://picsum.photos/seed/p101840x0/640/360
posts/101848/img1.png	post-image	https://picsum.photos/seed/p101848x0/640/360
posts/101848/img2.png	post-image	https://picsum.photos/seed/p101848x1/640/360
posts/101851/img1.png	post-image	https://picsum.photos/seed/p101851x0/640/360
posts/101851/img2.png	post-image	https://picsum.photos/seed/p101851x1/640/360
posts/101851/img3.png	post-image	https://picsum.photos/seed/p101851x2/640/360
posts/101851/img4.png	post-image	https://picsum.photos/seed/p101851x3/640/360
posts/101877/img1.png	post-image	https://picsum.photos/seed/p101877x0/640/360
posts/101901/img1.png	post-image	https://picsum.photos/seed/p101901x0/640/360
posts/101901/img2.png	post-image	https://picsum.photos/seed/p101901x1/640/360
posts/101914/img1.png	post-image	https://picsum.photos/seed/p101914x0/640/360
posts/101951/img1.png	post-image	https://picsum.photos/seed/p101951x0/640/360
posts/101952/img1.png	post-image	https://picsum.photos/seed/p101952x0/640/360
posts/101952/img2.png	post-image	https://picsum.photos/seed/p101952x1/640/360
posts/101952/img3.png	post-image	https://picsum.photos/seed/p101952x2/640/360
posts/101952/img4.png	post-image	https://picsum.photos/seed/p101952x3/640/360
posts/101954/img1.png	post-image	https://picsum.photos/seed/p101954x0/640/360
posts/101954/img2.png	post-image	https://picsum.photos/seed/p101954x1/640/360
posts/101988/img1.png	post-image	https://picsum.photos/seed/p101988x0/640/360
posts/102007/img1.png	post-image	https://picsum.photos/seed/p102007x0/640/360
posts/102007/img2.png	post-image	https://picsum.photos/seed/p102007x1/640/360
posts/102025/img1.png	post-image	https://picsum.photos/seed/p102025x0/640/360
posts/102053/img1.png	post-image	https://picsum.photos/seed/p102053x0/640/360
posts/102053/img2.png	post-image	https://picsum.photos/seed/p102053x1/640/360
posts/102053/img3.png	post-image	https://picsum.photos/seed/p102053x2/640/360
posts/102053/img4.png	post-image	https://picsum.photos/seed/p102053x3/640/360
posts/102060/img1.png	post-image	https://picsum.photos/seed/p102060x0/640/360
posts/102060/img2.png	post-image	https://picsum.photos/seed/p102060x1/640/360
posts/102062/img1.png	post-image	https://picsum.photos/seed/p102062x0/640/360
posts/102099/img1.png	post-image	https://picsum.photos/seed/p102099x0/640/360
posts/102113/img1.png	post-image	https://picsum.photos/seed/p102113x0/640/360
posts/102113/img2.png	post-image	https://picsum.photos/seed/p102113x1/640/360
posts/102136/img1.png	post-image	https://picsum.photos/seed/p102136x0/640/360
posts/102154/img1.png	post-image	https://picsum.photos/seed/p102154x0/640/360
posts/102154/img2.png	post-image	https://picsum.photos/seed/p102154x1/640/360
posts/102154/img3.png	post-image	https://picsum.photos/seed/p102154x2/640/360
posts/102154/img4.png	post-image	https://picsum.photos/seed/p102154x3/640/360
posts/102166/img1.png	post-image	https://picsum.photos/seed/p102166x0/640/360
posts/102166/img2.png	post-image	https://picsum.photos/seed/p102166x1/640/360
posts/102173/img1.png	post-image	https://picsum.photos/seed/p102173x0/640/360
posts/102210/img1.png	post-image	https://picsum.photos/seed/p102210x0/640/360
posts/102219/img1.png	post-image	https://picsum.photos/seed/p102219x0/640/360
posts/102219/img2.png	post-image	https://picsum.photos/seed/p102219x1/640/360
posts/102247/img1.png	post-image	https://picsum.photos/seed/p102247x0/640/360
posts/102255/img1.png	post-image	https://picsum.photos/seed/p102255x0/640/360
posts/102255/img2.png	post-image	https://picsum.photos/seed/p102255x1/640/360
posts/102255/img3.png	post-image	https://picsum.photos/seed/p102255x2/640/360
posts/102255/img4.png	post-image	https://picsum.photos/seed/p102255x3/640/360
posts/102272/img1.png	post-image	https://picsum.photos/seed/p102272x0/640/360
posts/102272/img2.png	post-image	https://picsum.photos/seed/p102272x1/640/360
posts/102284/img1.png	post-image	https://picsum.photos/seed/p102284x0/640/360
posts/102321/img1.png	post-image	https://picsum.photos/seed/p102321x0/640/360
posts/102325/img1.png	post-image	https://picsum.photos/seed/p102325x0/640/360
posts/102325/img2.png	post-image	https://picsum.photos/seed/p102325x1/640/360
posts/102356/img1.png	post-image	https://picsum.photos/seed/p102356x0/640/360
posts/102356/img2.png	post-image	https://picsum.photos/seed/p102356x1/640/360
posts/102356/img3.png	post-image	https://picsum.photos/seed/p102356x2/640/360
posts/102356/img4.png	post-image	https://picsum.photos/seed/p102356x3/640/360
posts/102358/img1.png	post-image	https://picsum.photos/seed/p102358x0/640/360
posts/102378/img1.png	post-image	https://picsum.photos/seed/p102378x0/640/360
posts/102378/img2.png	post-image	https://picsum.photos/seed/p102378x1/640/360
posts/102395/img1.png	post-image	https://picsum.photos/seed/p102395x0/640/360
posts/102431/img1.png	post-image	https://picsum.photos/seed/p102431x0/640/360
posts/102431/img2.png	post-image	https://picsum.photos/seed/p102431x1/640/360
posts/102432/img1.png	post-image	https://picsum.photos/seed/p102432x0/640/360
posts/102457/img1.png	post-image	https://picsum.photos/seed/p102457x0/640/360
posts/102457/img2.png	post-image	https://picsum.photos/seed/p102457x1/640/360
posts/102457/img3.png	post-image	https://picsum.photos/seed/p102457x2/640/360
posts/102457/img4.png	post-image	https://picsum.photos/seed/p102457x3/640/360
posts/102469/img1.png	post-image	https://picsum.photos/seed/p102469x0/640/360
posts/102484/img1.png	post-image	https://picsum.photos/seed/p102484x0/640/360
posts/102484/img2.png	post-image	https://picsum.photos/seed/p102484x1/640/360
posts/102506/img1.png	post-image	https://picsum.photos/seed/p102506x0/640/360
posts/102537/img1.png	post-image	https://picsum.photos/seed/p102537x0/640/360
posts/102537/img2.png	post-image	https://picsum.photos/seed/p102537x1/640/360
posts/102543/img1.png	post-image	https://picsum.photos/seed/p102543x0/640/360
posts/102558/img1.png	post-image	https://picsum.photos/seed/p102558x0/640/360
posts/102558/img2.png	post-image	https://picsum.photos/seed/p102558x1/640/360
posts/102558/img3.png	post-image	https://picsum.photos/seed/p102558x2/640/360
posts/102558/img4.png	post-image	https://picsum.photos/seed/p102558x3/640/360
posts/102580/img1.png	post-image	https://picsum.photos/seed/p102580x0/640/360
posts/102590/img1.png	post-image	https://picsum.photos/seed/p102590x0/640/360
posts/102590/img2.png	post-image	https://picsum.photos/seed/p102590x1/640/360
previews/9001/9780132350884-preview.epub	book-preview	
previews/9007/9780596100797-preview.epub	book-preview	
previews/9008/9780134190440-preview.pdf	book-preview	
previews/9014/9780596515829-preview.pdf	book-preview	
previews/9015/9780134494166-preview.pdf	book-preview	
previews/9021/9780789723529-preview.pdf	book-preview	
previews/9022/9780134685991-preview.epub	book-preview	
previews/9028/9780130470119-preview.epub	book-preview	
previews/9029/9780134757599-preview.pdf	book-preview	
previews/9035/9780130084668-preview.pdf	book-preview	
previews/9036/9780135957059-preview.pdf	book-preview	
previews/9042/9780073376202-preview.pdf	book-preview	
previews/9043/9780201633610-preview.epub	book-preview	
previews/9049/9780672319853-preview.epub	book-preview	
previews/9050/9780201835953-preview.pdf	book-preview	
previews/9056/9781861005151-preview.pdf	book-preview	
previews/9057/9780262033848-preview.pdf	book-preview	
previews/9064/9780262035613-preview.epub	book-preview	
previews/9071/9780307887894-preview.pdf	book-preview	
previews/9078/9780321125217-preview.pdf	book-preview	
previews/9085/9780321278654-preview.epub	book-preview	
previews/9092/9780321884992-preview.pdf	book-preview	
previews/9099/9780321965516-preview.pdf	book-preview	
previews/9106/9780596007126-preview.epub	book-preview	
previews/9113/9780596517748-preview.pdf	book-preview	
previews/9120/9780596528126-preview.pdf	book-preview	
previews/9127/9780596805524-preview.epub	book-preview	
previews/9134/9780735619678-preview.pdf	book-preview	
previews/9141/9781098107963-preview.pdf	book-preview	
previews/9148/9781449331818-preview.epub	book-preview	
previews/9155/9781449373320-preview.pdf	book-preview	
previews/9162/9781491901632-preview.pdf	book-preview	
previews/9169/9781491946008-preview.epub	book-preview	
previews/9176/9781491950357-preview.pdf	book-preview	
previews/9183/9781491963418-preview.pdf	book-preview	
previews/9190/9781491983645-preview.epub	book-preview	
previews/9197/9781492032649-preview.pdf	book-preview	
previews/9204/9781492043089-preview.pdf	book-preview	
previews/9211/9781492077213-preview.epub	book-preview	
previews/9218/9781492082798-preview.pdf	book-preview	
previews/9225/9781593279509-preview.pdf	book-preview	
previews/9232/9781593279929-preview.epub	book-preview	
previews/9239/9781617291029-preview.pdf	book-preview	
previews/9246/9781617292231-preview.pdf	book-preview	
previews/9253/9781617293726-preview.epub	book-preview	
previews/9260/9781617294945-preview.pdf	book-preview	
previews/9267/9781718503106-preview.pdf	book-preview	
previews/9274/9780131495050-preview.epub	book-preview	
previews/9281/9798847211437-preview.pdf	book-preview	
previews/9288/9780136060864-preview.pdf	book-preview	
previews/9295/9781098142162-preview.epub	book-preview	
previews/9302/9781492058335-preview.pdf	book-preview	
previews/9309/9786586110616-preview.pdf	book-preview	
previews/9316/9781492083658-preview.epub	book-preview	
previews/9323/9781617297618-preview.pdf	book-preview	
previews/9330/9781800560444-preview.pdf	book-preview	
previews/9337/9781728995557-preview.epub	book-preview	
previews/9344/9781492053743-preview.pdf	book-preview	
previews/9351/9781484232484-preview.pdf	book-preview	
previews/9358/9780960010981-preview.epub	book-preview	
previews/9365/9780136891055-preview.pdf	book-preview	
previews/9372/9781484287446-preview.pdf	book-preview	
previews/9379/9781491936696-preview.epub	book-preview	
previews/9386/9781593275648-preview.pdf	book-preview	
previews/9393/9781718503540-preview.pdf	book-preview	
previews/9400/9781703052183-preview.epub	book-preview	
previews/9407/9781482231618-preview.pdf	book-preview	
previews/9414/9781494861278-preview.pdf	book-preview	
previews/9421/9780691147147-preview.epub	book-preview	
previews/9428/9781491929124-preview.pdf	book-preview	
previews/9435/9781684542673-preview.pdf	book-preview	
previews/9442/9781484200766-preview.epub	book-preview	
previews/9449/9781466304161-preview.pdf	book-preview	
previews/9456/9780964074040-preview.pdf	book-preview	
previews/9463/9780596555467-preview.epub	book-preview	
previews/9470/9781847941107-preview.pdf	book-preview	
previews/9477/9780977616640-preview.pdf	book-preview	
previews/9484/9781593273897-preview.epub	book-preview	
previews/9491/9780134277554-preview.pdf	book-preview	
previews/9498/9781430219125-preview.pdf	book-preview	
